-- phpMyAdmin SQL Dump
-- version 4.2.11
-- http://www.phpmyadmin.net
--
-- Servidor: 127.0.0.1
-- Tiempo de generación: 01-09-2017 a las 17:01:32
-- Versión del servidor: 5.6.21
-- Versión de PHP: 5.6.3

SET SQL_MODE = "NO_AUTO_VALUE_ON_ZERO";
SET time_zone = "+00:00";


/*!40101 SET @OLD_CHARACTER_SET_CLIENT=@@CHARACTER_SET_CLIENT */;
/*!40101 SET @OLD_CHARACTER_SET_RESULTS=@@CHARACTER_SET_RESULTS */;
/*!40101 SET @OLD_COLLATION_CONNECTION=@@COLLATION_CONNECTION */;
/*!40101 SET NAMES utf8 */;

--
-- Base de datos: `porcinos`
--

-- --------------------------------------------------------

--
-- Estructura de tabla para la tabla `categorias`
--

CREATE TABLE IF NOT EXISTS `categorias` (
`idcategoria` int(11) NOT NULL,
  `nombre` varchar(45) DEFAULT NULL,
  `descripcion` varchar(45) DEFAULT NULL,
  `estado` int(11) NOT NULL
) ENGINE=InnoDB AUTO_INCREMENT=6 DEFAULT CHARSET=latin1;

--
-- Volcado de datos para la tabla `categorias`
--

INSERT INTO `categorias` (`idcategoria`, `nombre`, `descripcion`, `estado`) VALUES
(1, 'Alimentos', 'Alimentos para consumo animal', 1),
(2, 'Productos ', 'Productos uso diario granja', 1),
(3, 'Animales', 'Animales de la granja', 1);

-- --------------------------------------------------------

--
-- Estructura de tabla para la tabla `clientes`
--

CREATE TABLE IF NOT EXISTS `clientes` (
  `cedula` longtext NOT NULL,
  `nombre` longtext NOT NULL,
  `apellido` longtext NOT NULL,
  `telefono` longtext
) ENGINE=MyISAM DEFAULT CHARSET=utf8;

--
-- Volcado de datos para la tabla `clientes`
--

INSERT INTO `clientes` (`cedula`, `nombre`, `apellido`, `telefono`) VALUES
('1', 'Angie', 'Godoy', '1234'),
('2', 'Lui', 'Espinosa', '4321'),
('1234', 'Fernando', 'Sotelo', '321');

-- --------------------------------------------------------

--
-- Estructura de tabla para la tabla `cuentas`
--

CREATE TABLE IF NOT EXISTS `cuentas` (
`num_compro` int(50) NOT NULL,
  `num_cuenta` int(50) NOT NULL,
  `descripcion` varchar(200) NOT NULL,
  `saldo` int(11) NOT NULL,
  `naturaleza` enum('Debito','Credito') NOT NULL,
  `fecha_operacion` timestamp NOT NULL DEFAULT CURRENT_TIMESTAMP
) ENGINE=MyISAM AUTO_INCREMENT=3 DEFAULT CHARSET=utf8;

--
-- Volcado de datos para la tabla `cuentas`
--

INSERT INTO `cuentas` (`num_compro`, `num_cuenta`, `descripcion`, `saldo`, `naturaleza`, `fecha_operacion`) VALUES
(2, 1105, 'asdasd', 1222, 'Debito', '2017-08-31 05:00:00'),
(2, 112005, 'asdasd', 1222, 'Credito', '2017-08-31 05:00:00');

-- --------------------------------------------------------

--
-- Estructura de tabla para la tabla `cuentas_nomina`
--

CREATE TABLE IF NOT EXISTS `cuentas_nomina` (
  `id` int(11) NOT NULL,
  `num_cuenta` varchar(20) DEFAULT NULL,
  `naturaleza` varchar(20) DEFAULT NULL,
  `saldo` double DEFAULT NULL,
  `descripcion` varchar(20) DEFAULT NULL,
  `fecha` date DEFAULT NULL
) ENGINE=MyISAM DEFAULT CHARSET=utf8;

--
-- Volcado de datos para la tabla `cuentas_nomina`
--

INSERT INTO `cuentas_nomina` (`id`, `num_cuenta`, `naturaleza`, `saldo`, `descripcion`, `fecha`) VALUES
(1, '510506', 'Debito', 800000, 'Sueldos', '2016-11-08'),
(2, '510527', 'Debito', 25900, 'Aux transporte', '2016-11-08'),
(3, '237005', 'Credito', 10666.666666666668, 'Salud', '2016-11-08'),
(4, '238030', 'Credito', 10666.666666666668, 'Pension', '2016-11-08'),
(5, '1110', 'Credito', 243841.4290123457, 'Nomina Empleados', '2016-11-08'),
(6, '510569', 'Debito', 10666.666666666668, 'Aportes salud', '2016-11-08'),
(7, '237005', 'Credito', 10666.666666666668, 'Aportes salud', '2016-11-08'),
(8, '510570', 'Debito', 10666.666666666668, 'Aportes pensiones', '2016-11-08'),
(9, '238030', 'Credito', 10666.666666666668, 'Aportes pensiones', '2016-11-08'),
(10, '510568', 'Debito', 10666.666666666668, 'ARL', '2016-11-08'),
(11, '237006', 'Credito', 10666.666666666668, 'ARL', '2016-11-08'),
(12, '510539', 'Debito', 11111.111111111111, 'Vacaciones', '2016-11-08'),
(13, '261015', 'Credito', 11111.111111111111, 'Vacaciones', '2016-11-08'),
(14, '510536', 'Debito', 8126.851851851853, 'Primas', '2016-11-08'),
(15, '253005', 'Credito', 8126.851851851853, 'Primas', '2016-11-08'),
(16, '510530', 'Debito', 8126.851851851853, 'Cesantias', '2016-11-08'),
(17, '261005', 'Credito', 8126.851851851853, 'Cesantias', '2016-11-08'),
(18, '510533', 'Debito', 27.089506172839506, 'Int. Cesantias', '2016-11-08'),
(19, '261010', 'Credito', 27.089506172839506, 'Int. Cesantias', '2016-11-08'),
(20, '510575', 'Debito', 3333.3333333333335, 'ICBF', '2016-11-08'),
(21, '510578', 'Debito', 2222.222222222222, 'Sena', '2016-11-08'),
(22, '510572', 'Debito', 4444.444444444444, 'Caja de compensacion', '2016-11-08'),
(23, '237010', 'Credito', 10000, 'Parafiscales', '2016-11-08'),
(24, '510506', 'Debito', 1200000, 'Sueldos', '2016-11-23'),
(25, '510515', 'Debito', 38750, 'Horas Extra', '2016-11-23'),
(26, '510527', 'Debito', 77700, 'Aux transporte', '2016-11-23'),
(27, '510518', 'Debito', 200000, 'Comisiones', '2016-11-23'),
(28, '237005', 'Credito', 57550, 'Salud', '2016-11-23'),
(29, '238030', 'Credito', 57550, 'Pension', '2016-11-23'),
(30, '1110', 'Credito', 1200000, 'Nomina Empleados', '2016-11-23'),
(31, '510569', 'Debito', 57550, 'Aportes salud', '2016-11-23'),
(32, '237005', 'Credito', 57550, 'Aportes salud', '2016-11-23'),
(33, '510570', 'Debito', 57550, 'Aportes pensiones', '2016-11-23'),
(34, '238030', 'Credito', 57550, 'Aportes pensiones', '2016-11-23'),
(35, '510568', 'Debito', 57550, 'ARL', '2016-11-23'),
(36, '237006', 'Credito', 57550, 'ARL', '2016-11-23'),
(37, '510539', 'Debito', 50000, 'Vacaciones', '2016-11-23'),
(38, '261015', 'Credito', 50000, 'Vacaciones', '2016-11-23'),
(39, '510536', 'Debito', 126370.83333333333, 'Primas', '2016-11-23'),
(40, '253005', 'Credito', 126370.83333333333, 'Primas', '2016-11-23'),
(41, '510530', 'Debito', 126370.83333333333, 'Cesantias', '2016-11-23'),
(42, '261005', 'Credito', 126370.83333333333, 'Cesantias', '2016-11-23'),
(43, '510533', 'Debito', 1263.7083333333333, 'Int. Cesantias', '2016-11-23'),
(44, '261010', 'Credito', 1263.7083333333333, 'Int. Cesantias', '2016-11-23'),
(45, '510575', 'Debito', 15000, 'ICBF', '2016-11-23'),
(46, '510578', 'Debito', 10000, 'Sena', '2016-11-23'),
(47, '510572', 'Debito', 20000, 'Caja de compensacion', '2016-11-23'),
(48, '237010', 'Credito', 45000, 'Parafiscales', '2016-11-23'),
(49, '510506', 'Debito', 1200000, 'Sueldos', '2016-11-23'),
(50, '510515', 'Debito', 38750, 'Horas Extra', '2016-11-23'),
(51, '510527', 'Debito', 77700, 'Aux transporte', '2016-11-23'),
(52, '510518', 'Debito', 200000, 'Comisiones', '2016-11-23'),
(53, '237005', 'Credito', 57550, 'Salud', '2016-11-23'),
(54, '238030', 'Credito', 57550, 'Pension', '2016-11-23'),
(55, '1110', 'Credito', 1200000, 'Nomina Empleados', '2016-11-23'),
(56, '510569', 'Debito', 57550, 'Aportes salud', '2016-11-23'),
(57, '237005', 'Credito', 57550, 'Aportes salud', '2016-11-23'),
(58, '510570', 'Debito', 57550, 'Aportes pensiones', '2016-11-23'),
(59, '238030', 'Credito', 57550, 'Aportes pensiones', '2016-11-23'),
(60, '510568', 'Debito', 57550, 'ARL', '2016-11-23'),
(61, '237006', 'Credito', 57550, 'ARL', '2016-11-23'),
(62, '510539', 'Debito', 50000, 'Vacaciones', '2016-11-23'),
(63, '261015', 'Credito', 50000, 'Vacaciones', '2016-11-23'),
(64, '510536', 'Debito', 126370.83333333333, 'Primas', '2016-11-23'),
(65, '253005', 'Credito', 126370.83333333333, 'Primas', '2016-11-23'),
(66, '510530', 'Debito', 126370.83333333333, 'Cesantias', '2016-11-23'),
(67, '261005', 'Credito', 126370.83333333333, 'Cesantias', '2016-11-23'),
(68, '510533', 'Debito', 1263.7083333333333, 'Int. Cesantias', '2016-11-23'),
(69, '261010', 'Credito', 1263.7083333333333, 'Int. Cesantias', '2016-11-23'),
(70, '510575', 'Debito', 15000, 'ICBF', '2016-11-23'),
(71, '510578', 'Debito', 10000, 'Sena', '2016-11-23'),
(72, '510572', 'Debito', 20000, 'Caja de compensacion', '2016-11-23'),
(73, '237010', 'Credito', 45000, 'Parafiscales', '2016-11-23'),
(74, '510506', 'Debito', 1200000, 'Sueldos', '2016-11-23'),
(75, '510515', 'Debito', 38750, 'Horas Extra', '2016-11-23'),
(76, '510527', 'Debito', 72520, 'Aux transporte', '2016-11-23'),
(77, '510518', 'Debito', 200000, 'Comisiones', '2016-11-23'),
(78, '237005', 'Credito', 57550, 'Salud', '2016-11-23'),
(79, '238030', 'Credito', 57550, 'Pension', '2016-11-23'),
(80, '1110', 'Credito', 1200000, 'Nomina Empleados', '2016-11-23'),
(81, '510569', 'Debito', 57550, 'Aportes salud', '2016-11-23'),
(82, '237005', 'Credito', 57550, 'Aportes salud', '2016-11-23'),
(83, '510570', 'Debito', 57550, 'Aportes pensiones', '2016-11-23'),
(84, '238030', 'Credito', 57550, 'Aportes pensiones', '2016-11-23'),
(85, '510568', 'Debito', 57550, 'ARL', '2016-11-23'),
(86, '237006', 'Credito', 57550, 'ARL', '2016-11-23'),
(87, '510539', 'Debito', 50000, 'Vacaciones', '2016-11-23'),
(88, '261015', 'Credito', 50000, 'Vacaciones', '2016-11-23'),
(89, '510536', 'Debito', 126370.83333333333, 'Primas', '2016-11-23'),
(90, '253005', 'Credito', 126370.83333333333, 'Primas', '2016-11-23'),
(91, '510530', 'Debito', 126370.83333333333, 'Cesantias', '2016-11-23'),
(92, '261005', 'Credito', 126370.83333333333, 'Cesantias', '2016-11-23'),
(93, '510533', 'Debito', 1263.7083333333333, 'Int. Cesantias', '2016-11-23'),
(94, '261010', 'Credito', 1263.7083333333333, 'Int. Cesantias', '2016-11-23'),
(95, '510575', 'Debito', 15000, 'ICBF', '2016-11-23'),
(96, '510578', 'Debito', 10000, 'Sena', '2016-11-23'),
(97, '510572', 'Debito', 20000, 'Caja de compensacion', '2016-11-23'),
(98, '237010', 'Credito', 45000, 'Parafiscales', '2016-11-23');

-- --------------------------------------------------------

--
-- Estructura de tabla para la tabla `inventario`
--

CREATE TABLE IF NOT EXISTS `inventario` (
  `num_compro` longtext NOT NULL,
  `descripcion` longtext NOT NULL,
  `saldo` int(11) NOT NULL,
  `cantidad` int(11) NOT NULL,
  `fecha` date NOT NULL,
  `ref` longtext NOT NULL,
  `cedula` longtext NOT NULL
) ENGINE=MyISAM DEFAULT CHARSET=utf8;

--
-- Volcado de datos para la tabla `inventario`
--

INSERT INTO `inventario` (`num_compro`, `descripcion`, `saldo`, `cantidad`, `fecha`, `ref`, `cedula`) VALUES
('11', 'converse', 250000, 5, '2016-03-03', '1', '1'),
('12', 'nike', 1000000, 10, '2016-03-01', '2', '2'),
('234', 'converse', 20000, 2, '2016-04-21', '1', '1');

-- --------------------------------------------------------

--
-- Estructura de tabla para la tabla `listarn`
--

CREATE TABLE IF NOT EXISTS `listarn` (
  `basico` varchar(20) DEFAULT NULL,
  `horas` varchar(20) DEFAULT NULL,
  `transporte` varchar(20) DEFAULT NULL,
  `comision` varchar(20) DEFAULT NULL,
  `bonificacion` varchar(20) DEFAULT NULL,
  `devengado` varchar(20) DEFAULT NULL,
  `salud` varchar(20) DEFAULT NULL,
  `pension` varchar(20) DEFAULT NULL,
  `rtefuente` varchar(20) DEFAULT NULL,
  `libranza` varchar(20) DEFAULT NULL,
  `fondos` varchar(20) DEFAULT NULL,
  `embargos` varchar(20) DEFAULT NULL,
  `deducciones` varchar(20) DEFAULT NULL,
  `neto` varchar(20) DEFAULT NULL,
  `fecha` date DEFAULT NULL,
  `nro_code` int(11) NOT NULL
) ENGINE=MyISAM DEFAULT CHARSET=utf8;

--
-- Volcado de datos para la tabla `listarn`
--

INSERT INTO `listarn` (`basico`, `horas`, `transporte`, `comision`, `bonificacion`, `devengado`, `salud`, `pension`, `rtefuente`, `libranza`, `fondos`, `embargos`, `deducciones`, `neto`, `fecha`, `nro_code`) VALUES
('4500000', '0', '0', '0', '0', '4500000', '180000', '180000', '1304896', '0', '0', '0', '1664896', '2835104', '2016-04-22', 1),
('4500000', '187500', '0', '6000', '0', '4693500', '187740', '187740', '1306521.4000000001', '0', '0', '0', '1682001.4000000001', '3011498.5999999996', '2016-04-21', 2);

-- --------------------------------------------------------

--
-- Estructura de tabla para la tabla `migrations`
--

CREATE TABLE IF NOT EXISTS `migrations` (
  `migration` varchar(255) COLLATE utf8_unicode_ci NOT NULL,
  `batch` int(11) NOT NULL
) ENGINE=InnoDB DEFAULT CHARSET=utf8 COLLATE=utf8_unicode_ci;

--
-- Volcado de datos para la tabla `migrations`
--

INSERT INTO `migrations` (`migration`, `batch`) VALUES
('2014_10_12_000000_create_users_table', 1),
('2014_10_12_100000_create_password_resets_table', 1);

-- --------------------------------------------------------

--
-- Estructura de tabla para la tabla `modelo`
--

CREATE TABLE IF NOT EXISTS `modelo` (
`id_modelo` int(11) NOT NULL,
  `nombre` varchar(45) DEFAULT NULL,
  `descripcion` varchar(45) DEFAULT NULL,
  `nvariables` int(11) DEFAULT NULL,
  `nrestricciones` int(11) DEFAULT NULL,
  `accion` varchar(45) DEFAULT NULL
) ENGINE=InnoDB AUTO_INCREMENT=30 DEFAULT CHARSET=latin1;

--
-- Volcado de datos para la tabla `modelo`
--

INSERT INTO `modelo` (`id_modelo`, `nombre`, `descripcion`, `nvariables`, `nrestricciones`, `accion`) VALUES
(25, 'Modelo Etapa Finalización', 'Modelo etapa de finalización', 14, 26, 'min'),
(28, 'Modelo Etapa Levante', '', 12, 21, 'min'),
(29, 'Modelo Etapa Ceba', '', 12, 21, 'min');

-- --------------------------------------------------------

--
-- Estructura de tabla para la tabla `modelo_resultado`
--

CREATE TABLE IF NOT EXISTS `modelo_resultado` (
`id_mode_resultado` int(11) NOT NULL,
  `id_modelo` int(11) NOT NULL,
  `variable` varchar(45) DEFAULT NULL,
  `valor` double DEFAULT '0'
) ENGINE=InnoDB AUTO_INCREMENT=312 DEFAULT CHARSET=latin1;

--
-- Volcado de datos para la tabla `modelo_resultado`
--

INSERT INTO `modelo_resultado` (`id_mode_resultado`, `id_modelo`, `variable`, `valor`) VALUES
(164, 25, 'Z', 1243495.8),
(165, 25, 'x1', 493.7),
(166, 25, 'x2', 200),
(167, 25, 'x3', 70),
(168, 25, 'x4', 60),
(169, 25, 'x5', 120),
(170, 25, 'x6', 20),
(171, 25, 'x7', 8),
(172, 25, 'x8', 2.3),
(173, 25, 'x9', 11),
(174, 25, 'x10', 2),
(175, 25, 'x11', 6.3),
(176, 25, 'x12', 2),
(177, 25, 'x13', 4.2),
(178, 25, 'x14', 0.5),
(179, 25, 's1', 93.7),
(180, 25, 's2', 41.3),
(181, 25, 's3', 0),
(182, 25, 's4', 53),
(183, 25, 's5', 10),
(184, 25, 's6', 0),
(185, 25, 's7', 1),
(186, 25, 's8', 0),
(187, 25, 's9', 0),
(188, 25, 's10', 50),
(189, 25, 's11', 2.1),
(190, 25, 's12', 0),
(191, 25, 's13', 0),
(192, 25, 's14', 0.2),
(193, 25, 's15', 0.4),
(194, 25, 's16', 0),
(195, 25, 's17', 0),
(196, 25, 's18', 1.4),
(197, 25, 's19', 0),
(198, 25, 's20', 0.4),
(199, 25, 's21', 0),
(200, 25, 's22', 0.8),
(201, 25, 'a1', 0),
(202, 25, 'a2', 0),
(203, 25, 'a3', 0),
(204, 25, 'a4', 0),
(205, 25, 'a5', 0),
(206, 25, 'a6', 0),
(207, 25, 'a7', 0),
(208, 25, 'a8', 0),
(209, 25, 'a9', 0),
(210, 25, 'a10', 0),
(211, 25, 'a11', 0),
(212, 25, 'a12', 0),
(213, 25, 'a13', 0),
(214, 25, 'a14', 0),
(215, 25, 'a15', 0),
(224, 28, 'Z', 1199631.8),
(225, 28, 'x1', 480),
(226, 28, 'x2', 200),
(227, 28, 'x3', 20),
(228, 28, 'x4', 100),
(229, 28, 'x5', 161.1),
(230, 28, 'x6', 8),
(231, 28, 'x7', 2.8),
(232, 28, 'x8', 11),
(233, 28, 'x9', 2),
(234, 28, 'x10', 7.7),
(235, 28, 'x11', 2.4),
(236, 28, 'x12', 5),
(237, 28, 's1', 0),
(238, 28, 's2', 120),
(239, 28, 's3', 0),
(240, 28, 's4', 100),
(241, 28, 's5', 0),
(242, 28, 's6', 60),
(243, 28, 's7', 61.1),
(244, 28, 's8', 1.3),
(245, 28, 's9', 0),
(246, 28, 's10', 0),
(247, 28, 's11', 0.2),
(248, 28, 's12', 0),
(249, 28, 's13', 0),
(250, 28, 's14', 1.2),
(251, 28, 's15', 0),
(252, 28, 's16', 0.4),
(253, 28, 's17', 0),
(254, 28, 's18', 0.8),
(255, 28, 'a1', 0),
(256, 28, 'a2', 0),
(257, 28, 'a3', 0),
(258, 28, 'a4', 0),
(259, 28, 'a5', 0),
(260, 28, 'a6', 0),
(261, 28, 'a7', 0),
(262, 28, 'a8', 0),
(263, 28, 'a9', 0),
(264, 28, 'a10', 0),
(265, 28, 'a11', 0),
(266, 28, 'a12', 0),
(267, 28, 'a13', 0),
(268, 29, 'Z', 1199343.8),
(269, 29, 'x1', 480),
(270, 29, 'x2', 200),
(271, 29, 'x3', 20),
(272, 29, 'x4', 100),
(273, 29, 'x5', 161.4),
(274, 29, 'x6', 8),
(275, 29, 'x7', 2.5),
(276, 29, 'x8', 11),
(277, 29, 'x9', 2),
(278, 29, 'x10', 7.7),
(279, 29, 'x11', 2.4),
(280, 29, 'x12', 5),
(281, 29, 's1', 0),
(282, 29, 's2', 120),
(283, 29, 's3', 0),
(284, 29, 's4', 100),
(285, 29, 's5', 0),
(286, 29, 's6', 43),
(287, 29, 's7', 61.4),
(288, 29, 's8', 1.5),
(289, 29, 's9', 0),
(290, 29, 's10', 0),
(291, 29, 's11', 0.4),
(292, 29, 's12', 0),
(293, 29, 's13', 0),
(294, 29, 's14', 1.2),
(295, 29, 's15', 0),
(296, 29, 's16', 0.4),
(297, 29, 's17', 0),
(298, 29, 's18', 0.8),
(299, 29, 'a1', 0),
(300, 29, 'a2', 0),
(301, 29, 'a3', 0),
(302, 29, 'a4', 0),
(303, 29, 'a5', 0),
(304, 29, 'a6', 0),
(305, 29, 'a7', 0),
(306, 29, 'a8', 0),
(307, 29, 'a9', 0),
(308, 29, 'a10', 0),
(309, 29, 'a11', 0),
(310, 29, 'a12', 0),
(311, 29, 'a13', 0);

-- --------------------------------------------------------

--
-- Estructura de tabla para la tabla `modelo_stock`
--

CREATE TABLE IF NOT EXISTS `modelo_stock` (
`id_stock_modelo` int(11) NOT NULL,
  `id_modelo` int(11) NOT NULL,
  `columna` int(11) DEFAULT NULL,
  `fila` int(11) DEFAULT NULL,
  `valor` double DEFAULT '0',
  `accion` varchar(45) DEFAULT NULL
) ENGINE=InnoDB AUTO_INCREMENT=1469 DEFAULT CHARSET=latin1;

--
-- Volcado de datos para la tabla `modelo_stock`
--

INSERT INTO `modelo_stock` (`id_stock_modelo`, `id_modelo`, `columna`, `fila`, `valor`, `accion`) VALUES
(457, 25, 1, 1, 1, NULL),
(458, 25, 1, 2, 1, NULL),
(459, 25, 1, 3, 1, NULL),
(460, 25, 1, 4, 1, NULL),
(461, 25, 1, 5, 1, NULL),
(462, 25, 1, 6, 1, NULL),
(463, 25, 1, 7, 1, NULL),
(464, 25, 1, 8, 1, NULL),
(465, 25, 1, 9, 1, NULL),
(466, 25, 1, 10, 1, NULL),
(467, 25, 1, 11, 1, NULL),
(468, 25, 1, 12, 1, NULL),
(469, 25, 1, 13, 1, NULL),
(470, 25, 1, 14, 1, NULL),
(471, 25, 2, 1, 1, NULL),
(472, 25, 2, 2, 0, NULL),
(473, 25, 2, 3, 0, NULL),
(474, 25, 2, 4, 0, NULL),
(475, 25, 2, 5, 0, NULL),
(476, 25, 2, 6, 0, NULL),
(477, 25, 2, 7, 0, NULL),
(478, 25, 2, 8, 0, NULL),
(479, 25, 2, 9, 0, NULL),
(480, 25, 2, 10, 0, NULL),
(481, 25, 2, 11, 0, NULL),
(482, 25, 2, 12, 0, NULL),
(483, 25, 2, 13, 0, NULL),
(484, 25, 2, 14, 0, NULL),
(485, 25, 3, 1, 1, NULL),
(486, 25, 3, 2, 0, NULL),
(487, 25, 3, 3, 0, NULL),
(488, 25, 3, 4, 0, NULL),
(489, 25, 3, 5, 0, NULL),
(490, 25, 3, 6, 0, NULL),
(491, 25, 3, 7, 0, NULL),
(492, 25, 3, 8, 0, NULL),
(493, 25, 3, 9, 0, NULL),
(494, 25, 3, 10, 0, NULL),
(495, 25, 3, 11, 0, NULL),
(496, 25, 3, 12, 0, NULL),
(497, 25, 3, 13, 0, NULL),
(498, 25, 3, 14, 0, NULL),
(499, 25, 4, 1, 0, NULL),
(500, 25, 4, 2, 1, NULL),
(501, 25, 4, 3, 0, NULL),
(502, 25, 4, 4, 0, NULL),
(503, 25, 4, 5, 0, NULL),
(504, 25, 4, 6, 0, NULL),
(505, 25, 4, 7, 0, NULL),
(506, 25, 4, 8, 0, NULL),
(507, 25, 4, 9, 0, NULL),
(508, 25, 4, 10, 0, NULL),
(509, 25, 4, 11, 0, NULL),
(510, 25, 4, 12, 0, NULL),
(511, 25, 4, 13, 0, NULL),
(512, 25, 4, 14, 0, NULL),
(513, 25, 5, 1, 0, NULL),
(514, 25, 5, 2, 1, NULL),
(515, 25, 5, 3, 0, NULL),
(516, 25, 5, 4, 0, NULL),
(517, 25, 5, 5, 0, NULL),
(518, 25, 5, 6, 0, NULL),
(519, 25, 5, 7, 0, NULL),
(520, 25, 5, 8, 0, NULL),
(521, 25, 5, 9, 0, NULL),
(522, 25, 5, 10, 0, NULL),
(523, 25, 5, 11, 0, NULL),
(524, 25, 5, 12, 0, NULL),
(525, 25, 5, 13, 0, NULL),
(526, 25, 5, 14, 0, NULL),
(527, 25, 6, 1, 0, NULL),
(528, 25, 6, 2, 0, NULL),
(529, 25, 6, 3, 1, NULL),
(530, 25, 6, 4, 0, NULL),
(531, 25, 6, 5, 0, NULL),
(532, 25, 6, 6, 0, NULL),
(533, 25, 6, 7, 0, NULL),
(534, 25, 6, 8, 0, NULL),
(535, 25, 6, 9, 0, NULL),
(536, 25, 6, 10, 0, NULL),
(537, 25, 6, 11, 0, NULL),
(538, 25, 6, 12, 0, NULL),
(539, 25, 6, 13, 0, NULL),
(540, 25, 6, 14, 0, NULL),
(541, 25, 7, 1, 0, NULL),
(542, 25, 7, 2, 0, NULL),
(543, 25, 7, 3, 1, NULL),
(544, 25, 7, 4, 0, NULL),
(545, 25, 7, 5, 0, NULL),
(546, 25, 7, 6, 0, NULL),
(547, 25, 7, 7, 0, NULL),
(548, 25, 7, 8, 0, NULL),
(549, 25, 7, 9, 0, NULL),
(550, 25, 7, 10, 0, NULL),
(551, 25, 7, 11, 0, NULL),
(552, 25, 7, 12, 0, NULL),
(553, 25, 7, 13, 0, NULL),
(554, 25, 7, 14, 0, NULL),
(555, 25, 8, 1, 0, NULL),
(556, 25, 8, 2, 0, NULL),
(557, 25, 8, 3, 0, NULL),
(558, 25, 8, 4, 1, NULL),
(559, 25, 8, 5, 0, NULL),
(560, 25, 8, 6, 0, NULL),
(561, 25, 8, 7, 0, NULL),
(562, 25, 8, 8, 0, NULL),
(563, 25, 8, 9, 0, NULL),
(564, 25, 8, 10, 0, NULL),
(565, 25, 8, 11, 0, NULL),
(566, 25, 8, 12, 0, NULL),
(567, 25, 8, 13, 0, NULL),
(568, 25, 8, 14, 0, NULL),
(569, 25, 9, 1, 0, NULL),
(570, 25, 9, 2, 0, NULL),
(571, 25, 9, 3, 0, NULL),
(572, 25, 9, 4, 0, NULL),
(573, 25, 9, 5, 1, NULL),
(574, 25, 9, 6, 0, NULL),
(575, 25, 9, 7, 0, NULL),
(576, 25, 9, 8, 0, NULL),
(577, 25, 9, 9, 0, NULL),
(578, 25, 9, 10, 0, NULL),
(579, 25, 9, 11, 0, NULL),
(580, 25, 9, 12, 0, NULL),
(581, 25, 9, 13, 0, NULL),
(582, 25, 9, 14, 0, NULL),
(583, 25, 10, 1, 0, NULL),
(584, 25, 10, 2, 0, NULL),
(585, 25, 10, 3, 0, NULL),
(586, 25, 10, 4, 0, NULL),
(587, 25, 10, 5, 1, NULL),
(588, 25, 10, 6, 0, NULL),
(589, 25, 10, 7, 0, NULL),
(590, 25, 10, 8, 0, NULL),
(591, 25, 10, 9, 0, NULL),
(592, 25, 10, 10, 0, NULL),
(593, 25, 10, 11, 0, NULL),
(594, 25, 10, 12, 0, NULL),
(595, 25, 10, 13, 0, NULL),
(596, 25, 10, 14, 0, NULL),
(597, 25, 11, 1, 0, NULL),
(598, 25, 11, 2, 0, NULL),
(599, 25, 11, 3, 0, NULL),
(600, 25, 11, 4, 0, NULL),
(601, 25, 11, 5, 0, NULL),
(602, 25, 11, 6, 1, NULL),
(603, 25, 11, 7, 0, NULL),
(604, 25, 11, 8, 0, NULL),
(605, 25, 11, 9, 0, NULL),
(606, 25, 11, 10, 0, NULL),
(607, 25, 11, 11, 0, NULL),
(608, 25, 11, 12, 0, NULL),
(609, 25, 11, 13, 0, NULL),
(610, 25, 11, 14, 0, NULL),
(611, 25, 12, 1, 0, NULL),
(612, 25, 12, 2, 0, NULL),
(613, 25, 12, 3, 0, NULL),
(614, 25, 12, 4, 0, NULL),
(615, 25, 12, 5, 0, NULL),
(616, 25, 12, 6, 1, NULL),
(617, 25, 12, 7, 0, NULL),
(618, 25, 12, 8, 0, NULL),
(619, 25, 12, 9, 0, NULL),
(620, 25, 12, 10, 0, NULL),
(621, 25, 12, 11, 0, NULL),
(622, 25, 12, 12, 0, NULL),
(623, 25, 12, 13, 0, NULL),
(624, 25, 12, 14, 0, NULL),
(625, 25, 13, 1, 0, NULL),
(626, 25, 13, 2, 0, NULL),
(627, 25, 13, 3, 0, NULL),
(628, 25, 13, 4, 0, NULL),
(629, 25, 13, 5, 0, NULL),
(630, 25, 13, 6, 0, NULL),
(631, 25, 13, 7, 1, NULL),
(632, 25, 13, 8, 0, NULL),
(633, 25, 13, 9, 0, NULL),
(634, 25, 13, 10, 0, NULL),
(635, 25, 13, 11, 0, NULL),
(636, 25, 13, 12, 0, NULL),
(637, 25, 13, 13, 0, NULL),
(638, 25, 13, 14, 0, NULL),
(639, 25, 14, 1, 0, NULL),
(640, 25, 14, 2, 0, NULL),
(641, 25, 14, 3, 0, NULL),
(642, 25, 14, 4, 0, NULL),
(643, 25, 14, 5, 0, NULL),
(644, 25, 14, 6, 0, NULL),
(645, 25, 14, 7, 1, NULL),
(646, 25, 14, 8, 0, NULL),
(647, 25, 14, 9, 0, NULL),
(648, 25, 14, 10, 0, NULL),
(649, 25, 14, 11, 0, NULL),
(650, 25, 14, 12, 0, NULL),
(651, 25, 14, 13, 0, NULL),
(652, 25, 14, 14, 0, NULL),
(653, 25, 15, 1, 0, NULL),
(654, 25, 15, 2, 0, NULL),
(655, 25, 15, 3, 0, NULL),
(656, 25, 15, 4, 0, NULL),
(657, 25, 15, 5, 0, NULL),
(658, 25, 15, 6, 0, NULL),
(659, 25, 15, 7, 0, NULL),
(660, 25, 15, 8, 1, NULL),
(661, 25, 15, 9, 0, NULL),
(662, 25, 15, 10, 0, NULL),
(663, 25, 15, 11, 0, NULL),
(664, 25, 15, 12, 0, NULL),
(665, 25, 15, 13, 0, NULL),
(666, 25, 15, 14, 0, NULL),
(667, 25, 16, 1, 0, NULL),
(668, 25, 16, 2, 0, NULL),
(669, 25, 16, 3, 0, NULL),
(670, 25, 16, 4, 0, NULL),
(671, 25, 16, 5, 0, NULL),
(672, 25, 16, 6, 0, NULL),
(673, 25, 16, 7, 0, NULL),
(674, 25, 16, 8, 1, NULL),
(675, 25, 16, 9, 0, NULL),
(676, 25, 16, 10, 0, NULL),
(677, 25, 16, 11, 0, NULL),
(678, 25, 16, 12, 0, NULL),
(679, 25, 16, 13, 0, NULL),
(680, 25, 16, 14, 0, NULL),
(681, 25, 17, 1, 0, NULL),
(682, 25, 17, 2, 0, NULL),
(683, 25, 17, 3, 0, NULL),
(684, 25, 17, 4, 0, NULL),
(685, 25, 17, 5, 0, NULL),
(686, 25, 17, 6, 0, NULL),
(687, 25, 17, 7, 0, NULL),
(688, 25, 17, 8, 0, NULL),
(689, 25, 17, 9, 1, NULL),
(690, 25, 17, 10, 0, NULL),
(691, 25, 17, 11, 0, NULL),
(692, 25, 17, 12, 0, NULL),
(693, 25, 17, 13, 0, NULL),
(694, 25, 17, 14, 0, NULL),
(695, 25, 18, 1, 0, NULL),
(696, 25, 18, 2, 0, NULL),
(697, 25, 18, 3, 0, NULL),
(698, 25, 18, 4, 0, NULL),
(699, 25, 18, 5, 0, NULL),
(700, 25, 18, 6, 0, NULL),
(701, 25, 18, 7, 0, NULL),
(702, 25, 18, 8, 0, NULL),
(703, 25, 18, 9, 0, NULL),
(704, 25, 18, 10, 1, NULL),
(705, 25, 18, 11, 0, NULL),
(706, 25, 18, 12, 0, NULL),
(707, 25, 18, 13, 0, NULL),
(708, 25, 18, 14, 0, NULL),
(709, 25, 19, 1, 0, NULL),
(710, 25, 19, 2, 0, NULL),
(711, 25, 19, 3, 0, NULL),
(712, 25, 19, 4, 0, NULL),
(713, 25, 19, 5, 0, NULL),
(714, 25, 19, 6, 0, NULL),
(715, 25, 19, 7, 0, NULL),
(716, 25, 19, 8, 0, NULL),
(717, 25, 19, 9, 0, NULL),
(718, 25, 19, 10, 1, NULL),
(719, 25, 19, 11, 0, NULL),
(720, 25, 19, 12, 0, NULL),
(721, 25, 19, 13, 0, NULL),
(722, 25, 19, 14, 0, NULL),
(723, 25, 20, 1, 0, NULL),
(724, 25, 20, 2, 0, NULL),
(725, 25, 20, 3, 0, NULL),
(726, 25, 20, 4, 0, NULL),
(727, 25, 20, 5, 0, NULL),
(728, 25, 20, 6, 0, NULL),
(729, 25, 20, 7, 0, NULL),
(730, 25, 20, 8, 0, NULL),
(731, 25, 20, 9, 0, NULL),
(732, 25, 20, 10, 0, NULL),
(733, 25, 20, 11, 1, NULL),
(734, 25, 20, 12, 0, NULL),
(735, 25, 20, 13, 0, NULL),
(736, 25, 20, 14, 0, NULL),
(737, 25, 21, 1, 0, NULL),
(738, 25, 21, 2, 0, NULL),
(739, 25, 21, 3, 0, NULL),
(740, 25, 21, 4, 0, NULL),
(741, 25, 21, 5, 0, NULL),
(742, 25, 21, 6, 0, NULL),
(743, 25, 21, 7, 0, NULL),
(744, 25, 21, 8, 0, NULL),
(745, 25, 21, 9, 0, NULL),
(746, 25, 21, 10, 0, NULL),
(747, 25, 21, 11, 1, NULL),
(748, 25, 21, 12, 0, NULL),
(749, 25, 21, 13, 0, NULL),
(750, 25, 21, 14, 0, NULL),
(751, 25, 22, 1, 0, NULL),
(752, 25, 22, 2, 0, NULL),
(753, 25, 22, 3, 0, NULL),
(754, 25, 22, 4, 0, NULL),
(755, 25, 22, 5, 0, NULL),
(756, 25, 22, 6, 0, NULL),
(757, 25, 22, 7, 0, NULL),
(758, 25, 22, 8, 0, NULL),
(759, 25, 22, 9, 0, NULL),
(760, 25, 22, 10, 0, NULL),
(761, 25, 22, 11, 0, NULL),
(762, 25, 22, 12, 1, NULL),
(763, 25, 22, 13, 0, NULL),
(764, 25, 22, 14, 0, NULL),
(765, 25, 23, 1, 0, NULL),
(766, 25, 23, 2, 0, NULL),
(767, 25, 23, 3, 0, NULL),
(768, 25, 23, 4, 0, NULL),
(769, 25, 23, 5, 0, NULL),
(770, 25, 23, 6, 0, NULL),
(771, 25, 23, 7, 0, NULL),
(772, 25, 23, 8, 0, NULL),
(773, 25, 23, 9, 0, NULL),
(774, 25, 23, 10, 0, NULL),
(775, 25, 23, 11, 0, NULL),
(776, 25, 23, 12, 1, NULL),
(777, 25, 23, 13, 0, NULL),
(778, 25, 23, 14, 0, NULL),
(779, 25, 24, 1, 0, NULL),
(780, 25, 24, 2, 0, NULL),
(781, 25, 24, 3, 0, NULL),
(782, 25, 24, 4, 0, NULL),
(783, 25, 24, 5, 0, NULL),
(784, 25, 24, 6, 0, NULL),
(785, 25, 24, 7, 0, NULL),
(786, 25, 24, 8, 0, NULL),
(787, 25, 24, 9, 0, NULL),
(788, 25, 24, 10, 0, NULL),
(789, 25, 24, 11, 0, NULL),
(790, 25, 24, 12, 0, NULL),
(791, 25, 24, 13, 1, NULL),
(792, 25, 24, 14, 0, NULL),
(793, 25, 25, 1, 0, NULL),
(794, 25, 25, 2, 0, NULL),
(795, 25, 25, 3, 0, NULL),
(796, 25, 25, 4, 0, NULL),
(797, 25, 25, 5, 0, NULL),
(798, 25, 25, 6, 0, NULL),
(799, 25, 25, 7, 0, NULL),
(800, 25, 25, 8, 0, NULL),
(801, 25, 25, 9, 0, NULL),
(802, 25, 25, 10, 0, NULL),
(803, 25, 25, 11, 0, NULL),
(804, 25, 25, 12, 0, NULL),
(805, 25, 25, 13, 1, NULL),
(806, 25, 25, 14, 0, NULL),
(807, 25, 26, 1, 0, NULL),
(808, 25, 26, 2, 0, NULL),
(809, 25, 26, 3, 0, NULL),
(810, 25, 26, 4, 0, NULL),
(811, 25, 26, 5, 0, NULL),
(812, 25, 26, 6, 0, NULL),
(813, 25, 26, 7, 0, NULL),
(814, 25, 26, 8, 0, NULL),
(815, 25, 26, 9, 0, NULL),
(816, 25, 26, 10, 0, NULL),
(817, 25, 26, 11, 0, NULL),
(818, 25, 26, 12, 0, NULL),
(819, 25, 26, 13, 0, NULL),
(820, 25, 26, 14, 1, NULL),
(821, 25, 0, 1, 0, '='),
(822, 25, 0, 1, 1000, NULL),
(823, 25, 0, 2, 0, '>='),
(824, 25, 0, 2, 400, NULL),
(825, 25, 0, 3, 0, '<='),
(826, 25, 0, 3, 535, NULL),
(827, 25, 0, 4, 0, '>='),
(828, 25, 0, 4, 200, NULL),
(829, 25, 0, 5, 0, '<='),
(830, 25, 0, 5, 253, NULL),
(831, 25, 0, 6, 0, '>='),
(832, 25, 0, 6, 60, NULL),
(833, 25, 0, 7, 0, '<='),
(834, 25, 0, 7, 70, NULL),
(835, 25, 0, 8, 0, '='),
(836, 25, 0, 8, 60, NULL),
(837, 25, 0, 9, 0, '>='),
(838, 25, 0, 9, 119, NULL),
(839, 25, 0, 10, 0, '<='),
(840, 25, 0, 10, 120, NULL),
(841, 25, 0, 11, 0, '>='),
(842, 25, 0, 11, 20, NULL),
(843, 25, 0, 12, 0, '<='),
(844, 25, 0, 12, 70, NULL),
(845, 25, 0, 13, 0, '>='),
(846, 25, 0, 13, 5.9, NULL),
(847, 25, 0, 14, 0, '<='),
(848, 25, 0, 14, 8, NULL),
(849, 25, 0, 15, 0, '>='),
(850, 25, 0, 15, 2.3, NULL),
(851, 25, 0, 16, 0, '<='),
(852, 25, 0, 16, 2.5, NULL),
(853, 25, 0, 17, 0, '='),
(854, 25, 0, 17, 11, NULL),
(855, 25, 0, 18, 0, '>='),
(856, 25, 0, 18, 1.6, NULL),
(857, 25, 0, 19, 0, '<='),
(858, 25, 0, 19, 2, NULL),
(859, 25, 0, 20, 0, '>='),
(860, 25, 0, 20, 6.3, NULL),
(861, 25, 0, 21, 0, '<='),
(862, 25, 0, 21, 7.7, NULL),
(863, 25, 0, 22, 0, '>='),
(864, 25, 0, 22, 2, NULL),
(865, 25, 0, 23, 0, '<='),
(866, 25, 0, 23, 2.4, NULL),
(867, 25, 0, 24, 0, '>='),
(868, 25, 0, 24, 4.2, NULL),
(869, 25, 0, 25, 0, '<='),
(870, 25, 0, 25, 5, NULL),
(871, 25, 0, 26, 0, '='),
(872, 25, 0, 26, 0.5, NULL),
(881, 28, 1, 1, 1, NULL),
(882, 28, 1, 2, 1, NULL),
(883, 28, 1, 3, 1, NULL),
(884, 28, 1, 4, 1, NULL),
(885, 28, 1, 5, 1, NULL),
(886, 28, 1, 6, 1, NULL),
(887, 28, 1, 7, 1, NULL),
(888, 28, 1, 8, 1, NULL),
(889, 28, 1, 9, 1, NULL),
(890, 28, 1, 10, 1, NULL),
(891, 28, 1, 11, 1, NULL),
(892, 28, 1, 12, 1, NULL),
(893, 28, 2, 1, 1, NULL),
(894, 28, 2, 2, 0, NULL),
(895, 28, 2, 3, 0, NULL),
(896, 28, 2, 4, 0, NULL),
(897, 28, 2, 5, 0, NULL),
(898, 28, 2, 6, 0, NULL),
(899, 28, 2, 7, 0, NULL),
(900, 28, 2, 8, 0, NULL),
(901, 28, 2, 9, 0, NULL),
(902, 28, 2, 10, 0, NULL),
(903, 28, 2, 11, 0, NULL),
(904, 28, 2, 12, 0, NULL),
(905, 28, 3, 1, 1, NULL),
(906, 28, 3, 2, 0, NULL),
(907, 28, 3, 3, 0, NULL),
(908, 28, 3, 4, 0, NULL),
(909, 28, 3, 5, 0, NULL),
(910, 28, 3, 6, 0, NULL),
(911, 28, 3, 7, 0, NULL),
(912, 28, 3, 8, 0, NULL),
(913, 28, 3, 9, 0, NULL),
(914, 28, 3, 10, 0, NULL),
(915, 28, 3, 11, 0, NULL),
(916, 28, 3, 12, 0, NULL),
(917, 28, 4, 1, 0, NULL),
(918, 28, 4, 2, 1, NULL),
(919, 28, 4, 3, 0, NULL),
(920, 28, 4, 4, 0, NULL),
(921, 28, 4, 5, 0, NULL),
(922, 28, 4, 6, 0, NULL),
(923, 28, 4, 7, 0, NULL),
(924, 28, 4, 8, 0, NULL),
(925, 28, 4, 9, 0, NULL),
(926, 28, 4, 10, 0, NULL),
(927, 28, 4, 11, 0, NULL),
(928, 28, 4, 12, 0, NULL),
(929, 28, 5, 1, 0, NULL),
(930, 28, 5, 2, 1, NULL),
(931, 28, 5, 3, 0, NULL),
(932, 28, 5, 4, 0, NULL),
(933, 28, 5, 5, 0, NULL),
(934, 28, 5, 6, 0, NULL),
(935, 28, 5, 7, 0, NULL),
(936, 28, 5, 8, 0, NULL),
(937, 28, 5, 9, 0, NULL),
(938, 28, 5, 10, 0, NULL),
(939, 28, 5, 11, 0, NULL),
(940, 28, 5, 12, 0, NULL),
(941, 28, 6, 1, 0, NULL),
(942, 28, 6, 2, 0, NULL),
(943, 28, 6, 3, 1, NULL),
(944, 28, 6, 4, 0, NULL),
(945, 28, 6, 5, 0, NULL),
(946, 28, 6, 6, 0, NULL),
(947, 28, 6, 7, 0, NULL),
(948, 28, 6, 8, 0, NULL),
(949, 28, 6, 9, 0, NULL),
(950, 28, 6, 10, 0, NULL),
(951, 28, 6, 11, 0, NULL),
(952, 28, 6, 12, 0, NULL),
(953, 28, 7, 1, 0, NULL),
(954, 28, 7, 2, 0, NULL),
(955, 28, 7, 3, 1, NULL),
(956, 28, 7, 4, 0, NULL),
(957, 28, 7, 5, 0, NULL),
(958, 28, 7, 6, 0, NULL),
(959, 28, 7, 7, 0, NULL),
(960, 28, 7, 8, 0, NULL),
(961, 28, 7, 9, 0, NULL),
(962, 28, 7, 10, 0, NULL),
(963, 28, 7, 11, 0, NULL),
(964, 28, 7, 12, 0, NULL),
(965, 28, 8, 1, 0, NULL),
(966, 28, 8, 2, 0, NULL),
(967, 28, 8, 3, 0, NULL),
(968, 28, 8, 4, 1, NULL),
(969, 28, 8, 5, 0, NULL),
(970, 28, 8, 6, 0, NULL),
(971, 28, 8, 7, 0, NULL),
(972, 28, 8, 8, 0, NULL),
(973, 28, 8, 9, 0, NULL),
(974, 28, 8, 10, 0, NULL),
(975, 28, 8, 11, 0, NULL),
(976, 28, 8, 12, 0, NULL),
(977, 28, 9, 1, 0, NULL),
(978, 28, 9, 2, 0, NULL),
(979, 28, 9, 3, 0, NULL),
(980, 28, 9, 4, 0, NULL),
(981, 28, 9, 5, 1, NULL),
(982, 28, 9, 6, 0, NULL),
(983, 28, 9, 7, 0, NULL),
(984, 28, 9, 8, 0, NULL),
(985, 28, 9, 9, 0, NULL),
(986, 28, 9, 10, 0, NULL),
(987, 28, 9, 11, 0, NULL),
(988, 28, 9, 12, 0, NULL),
(989, 28, 10, 1, 0, NULL),
(990, 28, 10, 2, 0, NULL),
(991, 28, 10, 3, 0, NULL),
(992, 28, 10, 4, 0, NULL),
(993, 28, 10, 5, 0, NULL),
(994, 28, 10, 6, 1, NULL),
(995, 28, 10, 7, 0, NULL),
(996, 28, 10, 8, 0, NULL),
(997, 28, 10, 9, 0, NULL),
(998, 28, 10, 10, 0, NULL),
(999, 28, 10, 11, 0, NULL),
(1000, 28, 10, 12, 0, NULL),
(1001, 28, 11, 1, 0, NULL),
(1002, 28, 11, 2, 0, NULL),
(1003, 28, 11, 3, 0, NULL),
(1004, 28, 11, 4, 0, NULL),
(1005, 28, 11, 5, 0, NULL),
(1006, 28, 11, 6, 1, NULL),
(1007, 28, 11, 7, 0, NULL),
(1008, 28, 11, 8, 0, NULL),
(1009, 28, 11, 9, 0, NULL),
(1010, 28, 11, 10, 0, NULL),
(1011, 28, 11, 11, 0, NULL),
(1012, 28, 11, 12, 0, NULL),
(1013, 28, 12, 1, 0, NULL),
(1014, 28, 12, 2, 0, NULL),
(1015, 28, 12, 3, 0, NULL),
(1016, 28, 12, 4, 0, NULL),
(1017, 28, 12, 5, 0, NULL),
(1018, 28, 12, 6, 0, NULL),
(1019, 28, 12, 7, 1, NULL),
(1020, 28, 12, 8, 0, NULL),
(1021, 28, 12, 9, 0, NULL),
(1022, 28, 12, 10, 0, NULL),
(1023, 28, 12, 11, 0, NULL),
(1024, 28, 12, 12, 0, NULL),
(1025, 28, 13, 1, 0, NULL),
(1026, 28, 13, 2, 0, NULL),
(1027, 28, 13, 3, 0, NULL),
(1028, 28, 13, 4, 0, NULL),
(1029, 28, 13, 5, 0, NULL),
(1030, 28, 13, 6, 0, NULL),
(1031, 28, 13, 7, 0, NULL),
(1032, 28, 13, 8, 1, NULL),
(1033, 28, 13, 9, 0, NULL),
(1034, 28, 13, 10, 0, NULL),
(1035, 28, 13, 11, 0, NULL),
(1036, 28, 13, 12, 0, NULL),
(1037, 28, 14, 1, 0, NULL),
(1038, 28, 14, 2, 0, NULL),
(1039, 28, 14, 3, 0, NULL),
(1040, 28, 14, 4, 0, NULL),
(1041, 28, 14, 5, 0, NULL),
(1042, 28, 14, 6, 0, NULL),
(1043, 28, 14, 7, 0, NULL),
(1044, 28, 14, 8, 0, NULL),
(1045, 28, 14, 9, 1, NULL),
(1046, 28, 14, 10, 0, NULL),
(1047, 28, 14, 11, 0, NULL),
(1048, 28, 14, 12, 0, NULL),
(1049, 28, 15, 1, 0, NULL),
(1050, 28, 15, 2, 0, NULL),
(1051, 28, 15, 3, 0, NULL),
(1052, 28, 15, 4, 0, NULL),
(1053, 28, 15, 5, 0, NULL),
(1054, 28, 15, 6, 0, NULL),
(1055, 28, 15, 7, 0, NULL),
(1056, 28, 15, 8, 0, NULL),
(1057, 28, 15, 9, 1, NULL),
(1058, 28, 15, 10, 0, NULL),
(1059, 28, 15, 11, 0, NULL),
(1060, 28, 15, 12, 0, NULL),
(1061, 28, 16, 1, 0, NULL),
(1062, 28, 16, 2, 0, NULL),
(1063, 28, 16, 3, 0, NULL),
(1064, 28, 16, 4, 0, NULL),
(1065, 28, 16, 5, 0, NULL),
(1066, 28, 16, 6, 0, NULL),
(1067, 28, 16, 7, 0, NULL),
(1068, 28, 16, 8, 0, NULL),
(1069, 28, 16, 9, 0, NULL),
(1070, 28, 16, 10, 1, NULL),
(1071, 28, 16, 11, 0, NULL),
(1072, 28, 16, 12, 0, NULL),
(1073, 28, 17, 1, 0, NULL),
(1074, 28, 17, 2, 0, NULL),
(1075, 28, 17, 3, 0, NULL),
(1076, 28, 17, 4, 0, NULL),
(1077, 28, 17, 5, 0, NULL),
(1078, 28, 17, 6, 0, NULL),
(1079, 28, 17, 7, 0, NULL),
(1080, 28, 17, 8, 0, NULL),
(1081, 28, 17, 9, 0, NULL),
(1082, 28, 17, 10, 1, NULL),
(1083, 28, 17, 11, 0, NULL),
(1084, 28, 17, 12, 0, NULL),
(1085, 28, 18, 1, 0, NULL),
(1086, 28, 18, 2, 0, NULL),
(1087, 28, 18, 3, 0, NULL),
(1088, 28, 18, 4, 0, NULL),
(1089, 28, 18, 5, 0, NULL),
(1090, 28, 18, 6, 0, NULL),
(1091, 28, 18, 7, 0, NULL),
(1092, 28, 18, 8, 0, NULL),
(1093, 28, 18, 9, 0, NULL),
(1094, 28, 18, 10, 0, NULL),
(1095, 28, 18, 11, 1, NULL),
(1096, 28, 18, 12, 0, NULL),
(1097, 28, 19, 1, 0, NULL),
(1098, 28, 19, 2, 0, NULL),
(1099, 28, 19, 3, 0, NULL),
(1100, 28, 19, 4, 0, NULL),
(1101, 28, 19, 5, 0, NULL),
(1102, 28, 19, 6, 0, NULL),
(1103, 28, 19, 7, 0, NULL),
(1104, 28, 19, 8, 0, NULL),
(1105, 28, 19, 9, 0, NULL),
(1106, 28, 19, 10, 0, NULL),
(1107, 28, 19, 11, 1, NULL),
(1108, 28, 19, 12, 0, NULL),
(1109, 28, 20, 1, 0, NULL),
(1110, 28, 20, 2, 0, NULL),
(1111, 28, 20, 3, 0, NULL),
(1112, 28, 20, 4, 0, NULL),
(1113, 28, 20, 5, 0, NULL),
(1114, 28, 20, 6, 0, NULL),
(1115, 28, 20, 7, 0, NULL),
(1116, 28, 20, 8, 0, NULL),
(1117, 28, 20, 9, 0, NULL),
(1118, 28, 20, 10, 0, NULL),
(1119, 28, 20, 11, 0, NULL),
(1120, 28, 20, 12, 1, NULL),
(1121, 28, 21, 1, 0, NULL),
(1122, 28, 21, 2, 0, NULL),
(1123, 28, 21, 3, 0, NULL),
(1124, 28, 21, 4, 0, NULL),
(1125, 28, 21, 5, 0, NULL),
(1126, 28, 21, 6, 0, NULL),
(1127, 28, 21, 7, 0, NULL),
(1128, 28, 21, 8, 0, NULL),
(1129, 28, 21, 9, 0, NULL),
(1130, 28, 21, 10, 0, NULL),
(1131, 28, 21, 11, 0, NULL),
(1132, 28, 21, 12, 1, NULL),
(1133, 28, 0, 1, 0, '='),
(1134, 28, 0, 1, 1000, NULL),
(1135, 28, 0, 2, 0, '>='),
(1136, 28, 0, 2, 480, NULL),
(1137, 28, 0, 3, 0, '<='),
(1138, 28, 0, 3, 600, NULL),
(1139, 28, 0, 4, 0, '>='),
(1140, 28, 0, 4, 200, NULL),
(1141, 28, 0, 5, 0, '<='),
(1142, 28, 0, 5, 300, NULL),
(1143, 28, 0, 6, 0, '>='),
(1144, 28, 0, 6, 20, NULL),
(1145, 28, 0, 7, 0, '<='),
(1146, 28, 0, 7, 80, NULL),
(1147, 28, 0, 8, 0, '='),
(1148, 28, 0, 8, 100, NULL),
(1149, 28, 0, 9, 0, '>='),
(1150, 28, 0, 9, 100, NULL),
(1151, 28, 0, 10, 0, '>='),
(1152, 28, 0, 10, 6.7, NULL),
(1153, 28, 0, 11, 0, '<='),
(1154, 28, 0, 11, 8, NULL),
(1155, 28, 0, 12, 0, '>='),
(1156, 28, 0, 12, 2.8, NULL),
(1157, 28, 0, 13, 0, '='),
(1158, 28, 0, 13, 11, NULL),
(1159, 28, 0, 14, 0, '>='),
(1160, 28, 0, 14, 1.8, NULL),
(1161, 28, 0, 15, 0, '<='),
(1162, 28, 0, 15, 2, NULL),
(1163, 28, 0, 16, 0, '>='),
(1164, 28, 0, 16, 7.7, NULL),
(1165, 28, 0, 17, 0, '<='),
(1166, 28, 0, 17, 8.9, NULL),
(1167, 28, 0, 18, 0, '>='),
(1168, 28, 0, 18, 2.4, NULL),
(1169, 28, 0, 19, 0, '<='),
(1170, 28, 0, 19, 2.8, NULL),
(1171, 28, 0, 20, 0, '>='),
(1172, 28, 0, 20, 5, NULL),
(1173, 28, 0, 21, 0, '<='),
(1174, 28, 0, 21, 5.8, NULL),
(1175, 29, 1, 1, 1, NULL),
(1176, 29, 1, 2, 1, NULL),
(1177, 29, 1, 3, 1, NULL),
(1178, 29, 1, 4, 1, NULL),
(1179, 29, 1, 5, 1, NULL),
(1180, 29, 1, 6, 1, NULL),
(1181, 29, 1, 7, 1, NULL),
(1182, 29, 1, 8, 1, NULL),
(1183, 29, 1, 9, 1, NULL),
(1184, 29, 1, 10, 1, NULL),
(1185, 29, 1, 11, 1, NULL),
(1186, 29, 1, 12, 1, NULL),
(1187, 29, 2, 1, 1, NULL),
(1188, 29, 2, 2, 0, NULL),
(1189, 29, 2, 3, 0, NULL),
(1190, 29, 2, 4, 0, NULL),
(1191, 29, 2, 5, 0, NULL),
(1192, 29, 2, 6, 0, NULL),
(1193, 29, 2, 7, 0, NULL),
(1194, 29, 2, 8, 0, NULL),
(1195, 29, 2, 9, 0, NULL),
(1196, 29, 2, 10, 0, NULL),
(1197, 29, 2, 11, 0, NULL),
(1198, 29, 2, 12, 0, NULL),
(1199, 29, 3, 1, 1, NULL),
(1200, 29, 3, 2, 0, NULL),
(1201, 29, 3, 3, 0, NULL),
(1202, 29, 3, 4, 0, NULL),
(1203, 29, 3, 5, 0, NULL),
(1204, 29, 3, 6, 0, NULL),
(1205, 29, 3, 7, 0, NULL),
(1206, 29, 3, 8, 0, NULL),
(1207, 29, 3, 9, 0, NULL),
(1208, 29, 3, 10, 0, NULL),
(1209, 29, 3, 11, 0, NULL),
(1210, 29, 3, 12, 0, NULL),
(1211, 29, 4, 1, 0, NULL),
(1212, 29, 4, 2, 1, NULL),
(1213, 29, 4, 3, 0, NULL),
(1214, 29, 4, 4, 0, NULL),
(1215, 29, 4, 5, 0, NULL),
(1216, 29, 4, 6, 0, NULL),
(1217, 29, 4, 7, 0, NULL),
(1218, 29, 4, 8, 0, NULL),
(1219, 29, 4, 9, 0, NULL),
(1220, 29, 4, 10, 0, NULL),
(1221, 29, 4, 11, 0, NULL),
(1222, 29, 4, 12, 0, NULL),
(1223, 29, 5, 1, 0, NULL),
(1224, 29, 5, 2, 1, NULL),
(1225, 29, 5, 3, 0, NULL),
(1226, 29, 5, 4, 0, NULL),
(1227, 29, 5, 5, 0, NULL),
(1228, 29, 5, 6, 0, NULL),
(1229, 29, 5, 7, 0, NULL),
(1230, 29, 5, 8, 0, NULL),
(1231, 29, 5, 9, 0, NULL),
(1232, 29, 5, 10, 0, NULL),
(1233, 29, 5, 11, 0, NULL),
(1234, 29, 5, 12, 0, NULL),
(1235, 29, 6, 1, 0, NULL),
(1236, 29, 6, 2, 0, NULL),
(1237, 29, 6, 3, 1, NULL),
(1238, 29, 6, 4, 0, NULL),
(1239, 29, 6, 5, 0, NULL),
(1240, 29, 6, 6, 0, NULL),
(1241, 29, 6, 7, 0, NULL),
(1242, 29, 6, 8, 0, NULL),
(1243, 29, 6, 9, 0, NULL),
(1244, 29, 6, 10, 0, NULL),
(1245, 29, 6, 11, 0, NULL),
(1246, 29, 6, 12, 0, NULL),
(1247, 29, 7, 1, 0, NULL),
(1248, 29, 7, 2, 0, NULL),
(1249, 29, 7, 3, 1, NULL),
(1250, 29, 7, 4, 0, NULL),
(1251, 29, 7, 5, 0, NULL),
(1252, 29, 7, 6, 0, NULL),
(1253, 29, 7, 7, 0, NULL),
(1254, 29, 7, 8, 0, NULL),
(1255, 29, 7, 9, 0, NULL),
(1256, 29, 7, 10, 0, NULL),
(1257, 29, 7, 11, 0, NULL),
(1258, 29, 7, 12, 0, NULL),
(1259, 29, 8, 1, 0, NULL),
(1260, 29, 8, 2, 0, NULL),
(1261, 29, 8, 3, 0, NULL),
(1262, 29, 8, 4, 1, NULL),
(1263, 29, 8, 5, 0, NULL),
(1264, 29, 8, 6, 0, NULL),
(1265, 29, 8, 7, 0, NULL),
(1266, 29, 8, 8, 0, NULL),
(1267, 29, 8, 9, 0, NULL),
(1268, 29, 8, 10, 0, NULL),
(1269, 29, 8, 11, 0, NULL),
(1270, 29, 8, 12, 0, NULL),
(1271, 29, 9, 1, 0, NULL),
(1272, 29, 9, 2, 0, NULL),
(1273, 29, 9, 3, 0, NULL),
(1274, 29, 9, 4, 0, NULL),
(1275, 29, 9, 5, 1, NULL),
(1276, 29, 9, 6, 0, NULL),
(1277, 29, 9, 7, 0, NULL),
(1278, 29, 9, 8, 0, NULL),
(1279, 29, 9, 9, 0, NULL),
(1280, 29, 9, 10, 0, NULL),
(1281, 29, 9, 11, 0, NULL),
(1282, 29, 9, 12, 0, NULL),
(1283, 29, 10, 1, 0, NULL),
(1284, 29, 10, 2, 0, NULL),
(1285, 29, 10, 3, 0, NULL),
(1286, 29, 10, 4, 0, NULL),
(1287, 29, 10, 5, 0, NULL),
(1288, 29, 10, 6, 1, NULL),
(1289, 29, 10, 7, 0, NULL),
(1290, 29, 10, 8, 0, NULL),
(1291, 29, 10, 9, 0, NULL),
(1292, 29, 10, 10, 0, NULL),
(1293, 29, 10, 11, 0, NULL),
(1294, 29, 10, 12, 0, NULL),
(1295, 29, 11, 1, 0, NULL),
(1296, 29, 11, 2, 0, NULL),
(1297, 29, 11, 3, 0, NULL),
(1298, 29, 11, 4, 0, NULL),
(1299, 29, 11, 5, 0, NULL),
(1300, 29, 11, 6, 1, NULL),
(1301, 29, 11, 7, 0, NULL),
(1302, 29, 11, 8, 0, NULL),
(1303, 29, 11, 9, 0, NULL),
(1304, 29, 11, 10, 0, NULL),
(1305, 29, 11, 11, 0, NULL),
(1306, 29, 11, 12, 0, NULL),
(1307, 29, 12, 1, 0, NULL),
(1308, 29, 12, 2, 0, NULL),
(1309, 29, 12, 3, 0, NULL),
(1310, 29, 12, 4, 0, NULL),
(1311, 29, 12, 5, 0, NULL),
(1312, 29, 12, 6, 0, NULL),
(1313, 29, 12, 7, 1, NULL),
(1314, 29, 12, 8, 0, NULL),
(1315, 29, 12, 9, 0, NULL),
(1316, 29, 12, 10, 0, NULL),
(1317, 29, 12, 11, 0, NULL),
(1318, 29, 12, 12, 0, NULL),
(1319, 29, 13, 1, 0, NULL),
(1320, 29, 13, 2, 0, NULL),
(1321, 29, 13, 3, 0, NULL),
(1322, 29, 13, 4, 0, NULL),
(1323, 29, 13, 5, 0, NULL),
(1324, 29, 13, 6, 0, NULL),
(1325, 29, 13, 7, 0, NULL),
(1326, 29, 13, 8, 1, NULL),
(1327, 29, 13, 9, 0, NULL),
(1328, 29, 13, 10, 0, NULL),
(1329, 29, 13, 11, 0, NULL),
(1330, 29, 13, 12, 0, NULL),
(1331, 29, 14, 1, 0, NULL),
(1332, 29, 14, 2, 0, NULL),
(1333, 29, 14, 3, 0, NULL),
(1334, 29, 14, 4, 0, NULL),
(1335, 29, 14, 5, 0, NULL),
(1336, 29, 14, 6, 0, NULL),
(1337, 29, 14, 7, 0, NULL),
(1338, 29, 14, 8, 0, NULL),
(1339, 29, 14, 9, 1, NULL),
(1340, 29, 14, 10, 0, NULL),
(1341, 29, 14, 11, 0, NULL),
(1342, 29, 14, 12, 0, NULL),
(1343, 29, 15, 1, 0, NULL),
(1344, 29, 15, 2, 0, NULL),
(1345, 29, 15, 3, 0, NULL),
(1346, 29, 15, 4, 0, NULL),
(1347, 29, 15, 5, 0, NULL),
(1348, 29, 15, 6, 0, NULL),
(1349, 29, 15, 7, 0, NULL),
(1350, 29, 15, 8, 0, NULL),
(1351, 29, 15, 9, 1, NULL),
(1352, 29, 15, 10, 0, NULL),
(1353, 29, 15, 11, 0, NULL),
(1354, 29, 15, 12, 0, NULL),
(1355, 29, 16, 1, 0, NULL),
(1356, 29, 16, 2, 0, NULL),
(1357, 29, 16, 3, 0, NULL),
(1358, 29, 16, 4, 0, NULL),
(1359, 29, 16, 5, 0, NULL),
(1360, 29, 16, 6, 0, NULL),
(1361, 29, 16, 7, 0, NULL),
(1362, 29, 16, 8, 0, NULL),
(1363, 29, 16, 9, 0, NULL),
(1364, 29, 16, 10, 1, NULL),
(1365, 29, 16, 11, 0, NULL),
(1366, 29, 16, 12, 0, NULL),
(1367, 29, 17, 1, 0, NULL),
(1368, 29, 17, 2, 0, NULL),
(1369, 29, 17, 3, 0, NULL),
(1370, 29, 17, 4, 0, NULL),
(1371, 29, 17, 5, 0, NULL),
(1372, 29, 17, 6, 0, NULL),
(1373, 29, 17, 7, 0, NULL),
(1374, 29, 17, 8, 0, NULL),
(1375, 29, 17, 9, 0, NULL),
(1376, 29, 17, 10, 1, NULL),
(1377, 29, 17, 11, 0, NULL),
(1378, 29, 17, 12, 0, NULL),
(1379, 29, 18, 1, 0, NULL),
(1380, 29, 18, 2, 0, NULL),
(1381, 29, 18, 3, 0, NULL),
(1382, 29, 18, 4, 0, NULL),
(1383, 29, 18, 5, 0, NULL),
(1384, 29, 18, 6, 0, NULL),
(1385, 29, 18, 7, 0, NULL),
(1386, 29, 18, 8, 0, NULL),
(1387, 29, 18, 9, 0, NULL),
(1388, 29, 18, 10, 0, NULL),
(1389, 29, 18, 11, 1, NULL),
(1390, 29, 18, 12, 0, NULL),
(1391, 29, 19, 1, 0, NULL),
(1392, 29, 19, 2, 0, NULL),
(1393, 29, 19, 3, 0, NULL),
(1394, 29, 19, 4, 0, NULL),
(1395, 29, 19, 5, 0, NULL),
(1396, 29, 19, 6, 0, NULL),
(1397, 29, 19, 7, 0, NULL),
(1398, 29, 19, 8, 0, NULL),
(1399, 29, 19, 9, 0, NULL),
(1400, 29, 19, 10, 0, NULL),
(1401, 29, 19, 11, 1, NULL),
(1402, 29, 19, 12, 0, NULL),
(1403, 29, 20, 1, 0, NULL),
(1404, 29, 20, 2, 0, NULL),
(1405, 29, 20, 3, 0, NULL),
(1406, 29, 20, 4, 0, NULL),
(1407, 29, 20, 5, 0, NULL),
(1408, 29, 20, 6, 0, NULL),
(1409, 29, 20, 7, 0, NULL),
(1410, 29, 20, 8, 0, NULL),
(1411, 29, 20, 9, 0, NULL),
(1412, 29, 20, 10, 0, NULL),
(1413, 29, 20, 11, 0, NULL),
(1414, 29, 20, 12, 1, NULL),
(1415, 29, 21, 1, 0, NULL),
(1416, 29, 21, 2, 0, NULL),
(1417, 29, 21, 3, 0, NULL),
(1418, 29, 21, 4, 0, NULL),
(1419, 29, 21, 5, 0, NULL),
(1420, 29, 21, 6, 0, NULL),
(1421, 29, 21, 7, 0, NULL),
(1422, 29, 21, 8, 0, NULL),
(1423, 29, 21, 9, 0, NULL),
(1424, 29, 21, 10, 0, NULL),
(1425, 29, 21, 11, 0, NULL),
(1426, 29, 21, 12, 1, NULL),
(1427, 29, 0, 1, 0, '='),
(1428, 29, 0, 1, 1000, NULL),
(1429, 29, 0, 2, 0, '>='),
(1430, 29, 0, 2, 480, NULL),
(1431, 29, 0, 3, 0, '<='),
(1432, 29, 0, 3, 600, NULL),
(1433, 29, 0, 4, 0, '>='),
(1434, 29, 0, 4, 200, NULL),
(1435, 29, 0, 5, 0, '<='),
(1436, 29, 0, 5, 300, NULL),
(1437, 29, 0, 6, 0, '>='),
(1438, 29, 0, 6, 20, NULL),
(1439, 29, 0, 7, 0, '<='),
(1440, 29, 0, 7, 63, NULL),
(1441, 29, 0, 8, 0, '='),
(1442, 29, 0, 8, 100, NULL),
(1443, 29, 0, 9, 0, '>='),
(1444, 29, 0, 9, 100, NULL),
(1445, 29, 0, 10, 0, '>='),
(1446, 29, 0, 10, 6.5, NULL),
(1447, 29, 0, 11, 0, '<='),
(1448, 29, 0, 11, 8, NULL),
(1449, 29, 0, 12, 0, '>='),
(1450, 29, 0, 12, 2.5, NULL),
(1451, 29, 0, 13, 0, '='),
(1452, 29, 0, 13, 11, NULL),
(1453, 29, 0, 14, 0, '>='),
(1454, 29, 0, 14, 1.6, NULL),
(1455, 29, 0, 15, 0, '<='),
(1456, 29, 0, 15, 2, NULL),
(1457, 29, 0, 16, 0, '>='),
(1458, 29, 0, 16, 7.7, NULL),
(1459, 29, 0, 17, 0, '<='),
(1460, 29, 0, 17, 8.9, NULL),
(1461, 29, 0, 18, 0, '>='),
(1462, 29, 0, 18, 2.4, NULL),
(1463, 29, 0, 19, 0, '<='),
(1464, 29, 0, 19, 2.8, NULL),
(1465, 29, 0, 20, 0, '>='),
(1466, 29, 0, 20, 5, NULL),
(1467, 29, 0, 21, 0, '<='),
(1468, 29, 0, 21, 5.8, NULL);

-- --------------------------------------------------------

--
-- Estructura de tabla para la tabla `modelo_variables`
--

CREATE TABLE IF NOT EXISTS `modelo_variables` (
`id_mode_resultado` int(11) NOT NULL,
  `id_modelo` int(11) NOT NULL,
  `variable` varchar(45) DEFAULT NULL,
  `valor` double DEFAULT '0'
) ENGINE=InnoDB AUTO_INCREMENT=110 DEFAULT CHARSET=latin1;

--
-- Volcado de datos para la tabla `modelo_variables`
--

INSERT INTO `modelo_variables` (`id_mode_resultado`, `id_modelo`, `variable`, `valor`) VALUES
(68, 25, 'x1', 882),
(69, 25, 'x2', 1819),
(70, 25, 'x3', 870),
(71, 25, 'x4', 557),
(72, 25, 'x5', 690),
(73, 25, 'x6', 1490),
(74, 25, 'x7', 200),
(75, 25, 'x8', 1650),
(76, 25, 'x9', 7728),
(77, 25, 'x10', 325),
(78, 25, 'x11', 5916),
(79, 25, 'x12', 20184),
(80, 25, 'x13', 8468),
(81, 25, 'x14', 66150),
(86, 28, 'x1', 882),
(87, 28, 'x2', 1819),
(88, 28, 'x3', 870),
(89, 28, 'x4', 557),
(90, 28, 'x5', 690),
(91, 28, 'x6', 200),
(92, 28, 'x7', 1650),
(93, 28, 'x8', 7728),
(94, 28, 'x9', 325),
(95, 28, 'x10', 5916),
(96, 28, 'x11', 20184),
(97, 28, 'x12', 8468),
(98, 29, 'x1', 882),
(99, 29, 'x2', 1819),
(100, 29, 'x3', 870),
(101, 29, 'x4', 557),
(102, 29, 'x5', 690),
(103, 29, 'x6', 200),
(104, 29, 'x7', 1650),
(105, 29, 'x8', 7728),
(106, 29, 'x9', 325),
(107, 29, 'x10', 5916),
(108, 29, 'x11', 20184),
(109, 29, 'x12', 8468);

-- --------------------------------------------------------

--
-- Estructura de tabla para la tabla `nomina`
--

CREATE TABLE IF NOT EXISTS `nomina` (
  `codigo` int(11) NOT NULL,
  `nombre` longtext,
  `sueldo` double DEFAULT NULL,
  `sueldobasico` double DEFAULT NULL,
  `horash` double DEFAULT NULL,
  `transporte` double DEFAULT NULL,
  `comisiones` double DEFAULT NULL,
  `bonificaciones` double DEFAULT NULL,
  `devengado` double DEFAULT NULL,
  `salud` double DEFAULT NULL,
  `pension` double DEFAULT NULL,
  `rtefuente` double DEFAULT NULL,
  `libranza` double DEFAULT NULL,
  `fondos` double DEFAULT NULL,
  `embargos` double DEFAULT NULL,
  `deducido` double DEFAULT NULL,
  `total` double DEFAULT NULL,
  `fecha` date DEFAULT NULL
) ENGINE=MyISAM DEFAULT CHARSET=utf8;

--
-- Volcado de datos para la tabla `nomina`
--

INSERT INTO `nomina` (`codigo`, `nombre`, `sueldo`, `sueldobasico`, `horash`, `transporte`, `comisiones`, `bonificaciones`, `devengado`, `salud`, `pension`, `rtefuente`, `libranza`, `fondos`, `embargos`, `deducido`, `total`, `fecha`) VALUES
(2, 'Cristian Mayorga', 648420, 648440, 22283.25, 77400, 6000, 0, 754103.25, 27068.13, 27068.13, 0, 50000, 50000, 50000, 204136.26, 549966.99, '2016-04-08'),
(1, 'Angie Godoy', 4500000, 4500000, 31250, 0, 0, 0, 5031250, 201250, 201250, 1309358.5, 100000, 100000, 50000, 1961858.5, 3069391.5, '2016-04-06');

-- --------------------------------------------------------

--
-- Estructura de tabla para la tabla `nomina1`
--

CREATE TABLE IF NOT EXISTS `nomina1` (
  `id_nomina` int(200) NOT NULL,
  `cedula` varchar(20) NOT NULL,
  `diastrabajados` varchar(30) NOT NULL,
  `sueldo` varchar(20) DEFAULT NULL,
  `sueldobasico` varchar(20) DEFAULT NULL,
  `horash` varchar(20) DEFAULT NULL,
  `transporte` varchar(20) DEFAULT NULL,
  `comisiones` varchar(20) DEFAULT NULL,
  `bonificaciones` varchar(20) DEFAULT NULL,
  `devengado` varchar(20) DEFAULT NULL,
  `salud` varchar(20) DEFAULT NULL,
  `pension` varchar(20) DEFAULT NULL,
  `riesgos` varchar(20) NOT NULL,
  `rtefuente` varchar(20) DEFAULT NULL,
  `libranza` varchar(20) DEFAULT NULL,
  `fondos` varchar(20) DEFAULT NULL,
  `embargos` varchar(20) DEFAULT NULL,
  `caja` varchar(30) NOT NULL,
  `icbf` varchar(30) NOT NULL,
  `sena` varchar(30) NOT NULL,
  `cesantias` varchar(30) NOT NULL,
  `intecesantias` varchar(30) NOT NULL,
  `primaservi` varchar(30) NOT NULL,
  `vacaciones` varchar(30) NOT NULL,
  `deducido` varchar(20) DEFAULT NULL,
  `total` varchar(20) DEFAULT NULL,
  `fecha` date DEFAULT NULL,
  `estado` varchar(45) NOT NULL
) ENGINE=MyISAM DEFAULT CHARSET=utf8;

--
-- Volcado de datos para la tabla `nomina1`
--

INSERT INTO `nomina1` (`id_nomina`, `cedula`, `diastrabajados`, `sueldo`, `sueldobasico`, `horash`, `transporte`, `comisiones`, `bonificaciones`, `devengado`, `salud`, `pension`, `riesgos`, `rtefuente`, `libranza`, `fondos`, `embargos`, `caja`, `icbf`, `sena`, `cesantias`, `intecesantias`, `primaservi`, `vacaciones`, `deducido`, `total`, `fecha`, `estado`) VALUES
(4, '1069747147', '10', '266666.6666666667', '800000', '0', '25900', '0', '0', '292566.6666666667', '10666.666666666668', '10666.666666666668', '10666.666666666668', '0', '0', '0', '0', '4444.444444444444', '3333.3333333333335', '2222.222222222222', '8126.851851851853', '27.089506172839506', '8126.851851851853', '11111.111111111111', '48725.23765432099', '243841.4290123457', '2016-11-08', 'Pago');

-- --------------------------------------------------------

--
-- Estructura de tabla para la tabla `password_resets`
--

CREATE TABLE IF NOT EXISTS `password_resets` (
  `email` varchar(255) COLLATE utf8_unicode_ci NOT NULL,
  `token` varchar(255) COLLATE utf8_unicode_ci NOT NULL,
  `created_at` timestamp NOT NULL DEFAULT '0000-00-00 00:00:00'
) ENGINE=InnoDB DEFAULT CHARSET=utf8 COLLATE=utf8_unicode_ci;

-- --------------------------------------------------------

--
-- Estructura de tabla para la tabla `ps_product`
--

CREATE TABLE IF NOT EXISTS `ps_product` (
`id_product` int(10) unsigned NOT NULL,
  `idcategoria` int(10) NOT NULL,
  `ean13` varchar(13) DEFAULT NULL,
  `quantity` int(10) NOT NULL DEFAULT '0',
  `minimal_quantity` int(10) unsigned NOT NULL DEFAULT '1',
  `price` decimal(20,6) NOT NULL DEFAULT '0.000000',
  `wholesale_price` decimal(20,6) NOT NULL DEFAULT '0.000000',
  `tamano` decimal(20,6) NOT NULL DEFAULT '0.000000',
  `active` tinyint(1) unsigned NOT NULL DEFAULT '0',
  `date_add` datetime NOT NULL DEFAULT CURRENT_TIMESTAMP,
  `date_upd` datetime NOT NULL DEFAULT CURRENT_TIMESTAMP
) ENGINE=InnoDB AUTO_INCREMENT=17 DEFAULT CHARSET=utf8;

--
-- Volcado de datos para la tabla `ps_product`
--

INSERT INTO `ps_product` (`id_product`, `idcategoria`, `ean13`, `quantity`, `minimal_quantity`, `price`, `wholesale_price`, `tamano`, `active`, `date_add`, `date_upd`) VALUES
(6, 2, '', 0, 1, '12000.000000', '8000.000000', '0.000000', 1, '2016-10-26 02:09:39', '2016-11-15 00:02:46'),
(7, 2, '', 0, 1, '45000.000000', '35000.000000', '0.000000', 1, '2016-10-26 02:15:55', '2016-11-15 00:03:19'),
(8, 2, '', 0, 1, '30000.000000', '22000.000000', '0.000000', 1, '2016-10-26 02:20:14', '2016-11-15 00:03:51'),
(9, 2, '', 0, 1, '40000.000000', '32000.000000', '0.000000', 1, '2016-10-26 02:22:18', '2016-11-15 00:11:35'),
(11, 2, '', 0, 1, '90000.000000', '75000.000000', '0.000000', 1, '2016-10-26 02:27:22', '2016-11-15 00:13:30'),
(12, 2, '', 0, 1, '60000.000000', '50000.000000', '0.000000', 1, '2016-10-26 02:29:44', '2016-11-15 00:14:23'),
(13, 2, '', 0, 1, '50000.000000', '35000.000000', '0.000000', 1, '2016-10-26 02:32:02', '2016-11-15 00:15:16'),
(14, 2, '', 0, 1, '5000.000000', '2000.000000', '0.000000', 1, '2016-10-26 02:34:53', '2016-11-14 22:27:25'),
(15, 2, '', 0, 1, '35000.000000', '20000.000000', '0.000000', 1, '2016-10-26 02:37:51', '2016-11-15 00:16:41'),
(16, 3, NULL, 0, 1, '50000.000000', '50000.000000', '10.000000', 1, '0000-00-00 00:00:00', '0000-00-00 00:00:00');

-- --------------------------------------------------------

--
-- Estructura de tabla para la tabla `ps_product_lang`
--

CREATE TABLE IF NOT EXISTS `ps_product_lang` (
`id_product` int(10) unsigned NOT NULL,
  `description` text,
  `name` varchar(128) NOT NULL
) ENGINE=InnoDB AUTO_INCREMENT=20 DEFAULT CHARSET=utf8;

--
-- Volcado de datos para la tabla `ps_product_lang`
--

INSERT INTO `ps_product_lang` (`id_product`, `description`, `name`) VALUES
(6, '', 'Axilar para muleta almohadilla'),
(7, '', 'Baston Canadiense'),
(8, '', 'Baston Plegable'),
(9, '', 'Baston tipo Paraguas'),
(11, '', 'Caminador Paso a Paso'),
(12, '', 'Muletas Tru-Life'),
(13, '', 'Plantillas en Silicona'),
(14, '', 'Separadores de Dedos en gel'),
(15, '', 'Taloneras en Silicona'),
(16, NULL, 'Marrano'),
(19, '', 'Auxilar para muleta almohadilla');

-- --------------------------------------------------------

--
-- Estructura de tabla para la tabla `ps_stock`
--

CREATE TABLE IF NOT EXISTS `ps_stock` (
  `id_stock` int(11) unsigned NOT NULL,
  `id_warehouse` int(11) unsigned NOT NULL,
  `id_product` int(11) unsigned NOT NULL,
  `id_product_attribute` int(11) unsigned NOT NULL,
  `reference` varchar(32) NOT NULL,
  `ean13` varchar(13) DEFAULT NULL,
  `upc` varchar(12) DEFAULT NULL,
  `physical_quantity` int(11) unsigned NOT NULL,
  `usable_quantity` int(11) unsigned NOT NULL,
  `price_te` decimal(20,6) DEFAULT '0.000000'
) ENGINE=InnoDB DEFAULT CHARSET=utf8;

--
-- Volcado de datos para la tabla `ps_stock`
--

INSERT INTO `ps_stock` (`id_stock`, `id_warehouse`, `id_product`, `id_product_attribute`, `reference`, `ean13`, `upc`, `physical_quantity`, `usable_quantity`, `price_te`) VALUES
(25, 3, 6, 0, '1646', '', '', 4, 4, '9080.000000'),
(26, 3, 7, 0, '2648', '', '', 2, 2, '300000.000000');

-- --------------------------------------------------------

--
-- Estructura de tabla para la tabla `ps_stock_mvt`
--

CREATE TABLE IF NOT EXISTS `ps_stock_mvt` (
  `id_stock_mvt` bigint(20) unsigned NOT NULL,
  `id_stock` int(11) unsigned NOT NULL,
  `id_user` int(11) NOT NULL,
  `physical_quantity` int(11) unsigned NOT NULL,
  `date_add` datetime NOT NULL,
  `sign` tinyint(1) NOT NULL DEFAULT '1',
  `price_te` decimal(20,6) DEFAULT '0.000000',
  `last_wa` decimal(20,6) DEFAULT '0.000000',
  `current_wa` decimal(20,6) DEFAULT '0.000000',
  `referer` bigint(20) unsigned DEFAULT NULL
) ENGINE=InnoDB DEFAULT CHARSET=utf8;

--
-- Volcado de datos para la tabla `ps_stock_mvt`
--

INSERT INTO `ps_stock_mvt` (`id_stock_mvt`, `id_stock`, `id_user`, `physical_quantity`, `date_add`, `sign`, `price_te`, `last_wa`, `current_wa`, `referer`) VALUES
(51, 18, 1069747147, 2, '2016-10-27 23:02:20', 1, '6000.000000', '4000.000000', '5000.000000', 0),
(52, 18, 1069747147, 2, '2016-10-27 23:07:08', -1, '5000.000000', '5000.000000', '5000.000000', 0),
(53, 4, 1069747147, 5, '2016-11-14 22:05:49', -1, '8000.000000', '0.000000', '0.000000', 17),
(54, 4, 1069747147, 2, '2016-11-14 22:06:35', 1, '8000.000000', '0.000000', '0.000000', 0),
(55, 19, 1069747147, 2, '2016-11-14 22:06:58', 1, '4000.000000', '0.000000', '0.000000', 0),
(56, 18, 1069747147, 2, '2016-11-14 22:10:16', -1, '5000.000000', '5000.000000', '5000.000000', 0),
(57, 20, 1069747147, 2, '2016-11-14 22:10:31', 1, '5000.000000', '0.000000', '0.000000', 0),
(58, 21, 1069747147, 2, '2016-11-14 22:10:40', 1, '1000.000000', '0.000000', '0.000000', 0),
(59, 4, 1069747147, 2, '2016-11-14 22:19:30', -1, '8000.000000', '0.000000', '0.000000', 54),
(60, 19, 1069747147, 2, '2016-11-14 22:19:30', -1, '4000.000000', '0.000000', '0.000000', 55),
(61, 20, 1069747147, 2, '2016-11-14 22:19:30', -1, '5000.000000', '0.000000', '0.000000', 57),
(62, 21, 1069747147, 2, '2016-11-14 22:19:30', -1, '1000.000000', '0.000000', '0.000000', 58),
(63, 5, 1069747147, 5, '2016-11-14 22:19:44', -1, '35000.000000', '0.000000', '0.000000', 18),
(64, 6, 1069747147, 5, '2016-11-14 22:19:52', -1, '22000.000000', '0.000000', '0.000000', 19),
(65, 7, 1069747147, 5, '2016-11-14 22:20:00', -1, '32000.000000', '0.000000', '0.000000', 20),
(66, 8, 1069747147, 5, '2016-11-14 22:20:07', -1, '70000.000000', '0.000000', '0.000000', 21),
(67, 9, 1069747147, 1, '2016-11-14 22:20:26', -1, '75000.000000', '0.000000', '0.000000', 22),
(68, 9, 1069747147, 1, '2016-11-14 22:20:26', -1, '75000.000000', '0.000000', '0.000000', 32),
(69, 9, 1069747147, 1, '2016-11-14 22:20:26', -1, '75000.000000', '0.000000', '0.000000', 33),
(70, 10, 1069747147, 5, '2016-11-14 22:20:35', -1, '50000.000000', '0.000000', '0.000000', 23),
(71, 12, 1069747147, 3, '2016-11-14 22:20:43', -1, '2000.000000', '0.000000', '0.000000', 25),
(72, 15, 1069747147, 8, '2016-11-14 22:20:52', -1, '35000.000000', '0.000000', '0.000000', 36),
(73, 22, 1069747147, 2, '2016-11-14 22:38:31', 1, '4000.000000', '0.000000', '4000.000000', 0),
(74, 22, 1069747147, 2, '2016-11-14 22:38:48', 1, '6000.000000', '4000.000000', '5000.000000', 0),
(75, 23, 1069747147, 2, '2016-11-14 22:44:05', 1, '2000.000000', '0.000000', '2000.000000', 0),
(76, 23, 1069747147, 2, '2016-11-14 22:44:43', 1, '1000.000000', '2000.000000', '1500.000000', 0),
(77, 23, 1069747147, 1, '2016-11-14 22:48:52', -1, '1500.000000', '1500.000000', '1500.000000', 0),
(78, 23, 1069747147, 3, '2016-11-14 22:49:58', 1, '4500.000000', '1500.000000', '3000.000000', 0),
(79, 22, 1069747147, 4, '2016-11-14 22:50:56', -1, '5000.000000', '5000.000000', '5000.000000', 0),
(80, 22, 1069747147, 2, '2016-11-14 22:52:24', 1, '8000.000000', '5000.000000', '8000.000000', 0),
(81, 22, 1069747147, 2, '2016-11-14 22:55:32', -1, '8000.000000', '8000.000000', '8000.000000', 0),
(82, 23, 1069747147, 6, '2016-11-14 22:55:42', -1, '3000.000000', '3000.000000', '3000.000000', 0),
(83, 23, 1069747147, 2, '2016-11-14 22:57:36', 1, '20000.000000', '3000.000000', '20000.000000', 0),
(84, 23, 1069747147, 1, '2016-11-14 23:05:57', -1, '20000.000000', '20000.000000', '20000.000000', 0),
(85, 24, 1069747147, 2, '2016-11-14 23:16:42', 1, '8000.000000', '0.000000', '8000.000000', 0),
(86, 25, 1069747147, 2, '2016-11-14 23:55:43', 1, '8000.000000', '0.000000', '8000.000000', 0),
(87, 25, 1069747147, 1, '2016-11-15 00:13:33', 1, '7000.000000', '8000.000000', '7666.666667', 0),
(88, 25, 1069747147, 2, '2016-11-15 15:33:12', 1, '13000.000000', '7666.666667', '9800.000000', 0),
(89, 25, 1069747147, 2, '2016-11-15 15:35:05', -1, '9800.000000', '9800.000000', '9800.000000', 0),
(90, 25, 1069747147, 2, '2016-11-15 17:42:09', 1, '8000.000000', '9800.000000', '9080.000000', 0),
(91, 26, 1069747147, 2, '2016-11-16 00:43:10', 1, '300000.000000', '0.000000', '300000.000000', 0),
(92, 25, 1069747147, 1, '2016-11-16 01:00:16', -1, '9080.000000', '9080.000000', '9080.000000', 0);

-- --------------------------------------------------------

--
-- Estructura de tabla para la tabla `puc`
--

CREATE TABLE IF NOT EXISTS `puc` (
  `nro_cuenta` varchar(20) NOT NULL,
  `nombre_cuenta` varchar(200) NOT NULL,
  `clase` varchar(100) NOT NULL,
  `estado` int(10) NOT NULL
) ENGINE=MyISAM DEFAULT CHARSET=utf8;

--
-- Volcado de datos para la tabla `puc`
--

INSERT INTO `puc` (`nro_cuenta`, `nombre_cuenta`, `clase`, `estado`) VALUES
('11', 'DISPONIBLE', 'ACTIVO', 0),
('1105', 'CAJA', 'ACTIVO', 1),
('110505', 'CAJA GENERAL', 'ACTIVO', 0),
('110510', 'CAJAS MENORES', 'ACTIVO', 0),
('110515', 'MONEDA EXTRANJERA', 'ACTIVO', 0),
('1110', 'BANCOS', 'ACTIVO', 0),
('111005', 'MONEDA NACIONAL', 'ACTIVO', 0),
('111010', 'MONEDA EXTRANJERA', 'ACTIVO', 0),
('1115', 'REMESAS EN TRANSITO', 'ACTIVO', 0),
('111505', 'MONEDA NACIONAL', 'ACTIVO', 0),
('111510', 'MONEDA EXTRANJERA', 'ACTIVO', 0),
('1120', 'CUENTAS DE AHORRO', 'ACTIVO', 0),
('112005', 'BANCOS', 'ACTIVO', 1),
('112010', 'CORPORACIONES DE AHORRO Y VIVIENDA', 'ACTIVO', 0),
('112015', 'ORGANISMOS COOPERATIVOS FINANCIEROS', 'ACTIVO', 0),
('1125', 'FONDOS', 'ACTIVO', 0),
('112505', 'ROTATORIOS MONEDA NACIONAL', 'ACTIVO', 0),
('112510', 'ROTATORIOS MONEDA EXTRANJERA', 'ACTIVO', 0),
('112515', 'ESPECIALES MONEDA NACIONAL', 'ACTIVO', 0),
('112520', 'ESPECIALES MONEDA EXTRANJERA', 'ACTIVO', 0),
('112525', 'DE AMORTIZACION MONEDA NACIONAL', 'ACTIVO', 0),
('112530', 'DE AMORTIZACION MONEDA EXTRANJERA', 'ACTIVO', 0),
('12', 'INVERSIONES', 'ACTIVO', 0),
('1205', 'ACCIONES', 'ACTIVO', 0),
('120505', 'AGRICULTURA, GANADERIA, CAZA Y SILVICULTURA', 'ACTIVO', 0),
('120510', 'PESCA', 'ACTIVO', 0),
('120515', 'EXPLOTACION DE MINAS Y CANTERAS', 'ACTIVO', 0),
('120520', 'INDUSTRIA MANUFACTURERA', 'ACTIVO', 0),
('120525', 'SUMINISTRO DE ELECTRICIDAD, GAS Y AGUA', 'ACTIVO', 0),
('120530', 'CONSTRUCCION', 'ACTIVO', 0),
('120535', 'COMERCIO AL POR MAYOR Y AL POR MENOR', 'ACTIVO', 0),
('120540', 'HOTELES Y RESTAURANTES', 'ACTIVO', 0),
('120545', 'TRANSPORTE, ALMACENAMIENTO Y COMUNICACIONES', 'ACTIVO', 0),
('120550', 'ACTIVIDAD FINANCIERA', 'ACTIVO', 0),
('120555', 'ACTIVIDADES INMOBILIARIAS, EMPRESARIALES Y DE ALQUILER', 'ACTIVO', 0),
('120560', 'ENSE?ANZA', 'ACTIVO', 0),
('120565', 'SERVICIOS SOCIALES Y DE SALUD', 'ACTIVO', 0),
('120570', 'OTRAS ACTIVIDADES DE SERVICIOS COMUNITARIOS, SOCIALES', 'ACTIVO', 0),
('120599', 'AJUSTES POR INFLACION', 'ACTIVO', 0),
('1210', 'CUOTAS O PARTES DE INTERES SOCIAL', 'ACTIVO', 0),
('121005', 'AGRICULTURA, GANADERIA, CAZA Y SILVICULTURA', 'ACTIVO', 0),
('121010', 'PESCA', 'ACTIVO', 0),
('121015', 'EXPLOTACION DE MINAS Y CANTERAS', 'ACTIVO', 0),
('121020', 'INDUSTRIA MANUFACTURERA', 'ACTIVO', 0),
('121025', 'SUMINISTRO DE ELECTRICIDAD, GAS Y AGUA', 'ACTIVO', 0),
('121030', 'CONSTRUCCION', 'ACTIVO', 0),
('121035', 'COMERCIO AL POR MAYOR Y AL POR MENOR', 'ACTIVO', 0),
('121040', 'HOTELES Y RESTAURANTES', 'ACTIVO', 0),
('121045', 'TRANSPORTE, ALMACENAMIENTO Y COMUNICACIONES', 'ACTIVO', 0),
('121050', 'ACTIVIDAD FINANCIERA', 'ACTIVO', 0),
('1', 'CAJA', 'ACTIVO', 0),
('121055', 'ACTIVIDADES INMOBILIARIAS, EMPRESARIALES Y DE ALQUILER', 'ACTIVO', 0),
('121060', 'ENSE?ANZA', 'ACTIVO', 0),
('121065', 'SERVICIOS SOCIALES Y DE SALUD', 'ACTIVO', 0),
('121070', 'OTRAS ACTIVIDADES DE SERVICIOS COMUNITARIOS, SOCIALES Y PERSONALES', 'ACTIVO', 0),
('121099', 'AJUSTES POR INFLACION', 'ACTIVO', 0),
('1215', 'BONOS', 'ACTIVO', 0),
('121505', 'BONOS PUBLICOS MONEDA NACIONAL', 'ACTIVO', 0),
('121510', 'BONOS PUBLICOS MONEDA EXTRANJERA', 'ACTIVO', 0),
('121515', 'BONOS ORDINARIOS', 'ACTIVO', 0),
('121520', 'BONOS CONVERTIBLES EN ACCIONES', 'ACTIVO', 0),
('121595', 'OTROS', 'ACTIVO', 0),
('1220', 'CEDULAS', 'ACTIVO', 0),
('122005', 'CEDULAS DE CAPITALIZACION', 'ACTIVO', 0),
('122010', 'CEDULAS HIPOTECARIAS', 'ACTIVO', 0),
('122015', 'CEDULAS DE INVERSION', 'ACTIVO', 0),
('122095', 'OTRAS', 'ACTIVO', 0),
('1225', 'CERTIFICADOS', 'ACTIVO', 0),
('122505', 'CERTIFICADOS DE DEPOSITO A TERMINO (C.D.T.)', 'ACTIVO', 0),
('122510', 'CERTIFICADOS DE DEPOSITO DE AHORRO', 'ACTIVO', 0),
('122515', 'CERTIFICADOS DE AHORRO DE VALOR CONSTANTE (C.A.V.C.)', 'ACTIVO', 0),
('122520', 'CERTIFICADOS DE CAMBIO', 'ACTIVO', 0),
('122525', 'CERTIFICADOS CAFETEROS VALORIZABLES', 'ACTIVO', 0),
('122530', 'CERTIFICADOS ELECTRICOS VALORIZABLES (C.E.V.)', 'ACTIVO', 0),
('122535', 'CERTIFICADOS DE REEMBOLSO TRIBUTARIO (C.E.R.T.)', 'ACTIVO', 0),
('122540', 'CERTIFICADOS DE DESARROLLO TURISTICO', 'ACTIVO', 0),
('122545', 'CERTIFICADOS DE INVERSION FORESTAL (C.I.F.)', 'ACTIVO', 0),
('122595', 'OTROS', 'ACTIVO', 0),
('1230', 'PAPELES COMERCIALES', 'ACTIVO', 0),
('123005', 'EMPRESAS COMERCIALES', 'ACTIVO', 0),
('123010', 'EMPRESAS INDUSTRIALES', 'ACTIVO', 0),
('123015', 'EMPRESAS DE SERVICIOS', 'ACTIVO', 0),
('1235', 'TITULOS', 'ACTIVO', 0),
('123505', 'TITULOS DE DESARROLLO AGROPECUARIO', 'ACTIVO', 0),
('123510', 'TITULOS CANJEABLES POR CERTIFICADOS DE CAMBIO', 'ACTIVO', 0),
('123515', 'TITULOS DE TESORERIA (T.E.S.)', 'ACTIVO', 0),
('123520', 'TITULOS DE PARTICIPACION', 'ACTIVO', 0),
('123525', 'TITULOS DE CREDITO DE FOMENTO', 'ACTIVO', 0),
('123530', 'TITULOS FINANCIEROS AGROINDUSTRIALES (T.F.A.)', 'ACTIVO', 0),
('123535', 'TITULOS DE AHORRO CAFETERO (T.A.C.)', 'ACTIVO', 0),
('123540', 'TITULOS DE AHORRO NACIONAL (T.A.N.)', 'ACTIVO', 0),
('123545', 'TITULOS ENERGETICOS DE RENTABILIDAD CRECIENTE (T.E.R.)', 'ACTIVO', 0),
('123550', 'TITULOS DE AHORRO EDUCATIVO (T.A.E.)', 'ACTIVO', 0),
('123555', 'TITULOS FINANCIEROS  INDUSTRIALES Y COMERCIALES', 'ACTIVO', 0),
('123560', 'TESOROS', 'ACTIVO', 0),
('123565', 'TITULOS DE DEVOLUCION DE IMPUESTOS NACIONALES (TIDIS)', 'ACTIVO', 0),
('123570', 'TITULOS INMOBILIARIOS', 'ACTIVO', 0),
('123595', 'OTROS', 'ACTIVO', 0),
('1240', 'ACEPTACIONES BANCARIAS O FINANCIERAS', 'ACTIVO', 0),
('124005', 'BANCOS COMERCIALES', 'ACTIVO', 0),
('124010', 'COMPA?IAS DE FINANCIAMIENTO COMERCIAL', 'ACTIVO', 0),
('124015', 'CORPORACIONES FINANCIERAS', 'ACTIVO', 0),
('124095', 'OTRAS', 'ACTIVO', 0),
('1245', 'DERECHOS FIDUCIARIOS', 'ACTIVO', 0),
('124505', 'FIDEICOMISOS DE INVERSION MONEDA NACIONAL', 'ACTIVO', 0),
('124510', 'FIDEICOMISOS DE INVERSION MONEDA EXTRANJERA', 'ACTIVO', 0),
('1250', 'DERECHOS DE RECOMPRA DE INVERSIONES NEGOCIADAS (REPOS)', 'ACTIVO', 0),
('125005', 'ACCIONES', 'ACTIVO', 0),
('125010', 'CUOTAS O PARTES DE INTERES SOCIAL', 'ACTIVO', 0),
('125015', 'BONOS', 'ACTIVO', 0),
('125020', 'CEDULAS', 'ACTIVO', 0),
('125025', 'CERTIFICADOS', 'ACTIVO', 0),
('125030', 'PAPELES COMERCIALES', 'ACTIVO', 0),
('125035', 'TITULOS', 'ACTIVO', 0),
('125040', 'ACEPTACIONES BANCARIAS O FINANCIERAS', 'ACTIVO', 0),
('125095', 'OTROS', 'ACTIVO', 0),
('125099', 'AJUSTES POR INFLACION', 'ACTIVO', 0),
('1255', 'OBLIGATORIAS', 'ACTIVO', 0),
('125505', 'BONOS DE FINANCIAMIENTO ESPECIAL', 'ACTIVO', 0),
('125510', 'BONOS DE FINANCIAMIENTO PRESUPUESTAL', 'ACTIVO', 0),
('125515', 'BONOS PARA DESARROLLO SOCIAL Y SEGURIDAD INTERNA (B.D.S.I.)', 'ACTIVO', 0),
('125595', 'OTRAS', 'ACTIVO', 0),
('1260', 'CUENTAS EN PARTICIPACION', 'ACTIVO', 0),
('126099', 'AJUSTES POR INFLACION', 'ACTIVO', 0),
('1295', 'OTRAS INVERSIONES', 'ACTIVO', 0),
('129505', 'APORTES EN COOPERATIVAS', 'ACTIVO', 0),
('129510', 'DERECHOS EN CLUBES SOCIALES', 'ACTIVO', 0),
('129515', 'ACCIONES O DERECHOS EN CLUBES DEPORTIVOS', 'ACTIVO', 0),
('129520', 'BONOS EN COLEGIOS', 'ACTIVO', 0),
('129595', 'DIVERSAS', 'ACTIVO', 0),
('129599', 'AJUSTES POR INFLACION', 'ACTIVO', 0),
('1299', 'PROVISIONES', 'ACTIVO', 0),
('129905', 'ACCIONES', 'ACTIVO', 0),
('129910', 'CUOTAS O PARTES DE INTERES SOCIAL', 'ACTIVO', 0),
('129915', 'BONOS', 'ACTIVO', 0),
('129920', 'CEDULAS', 'ACTIVO', 0),
('129925', 'CERTIFICADOS', 'ACTIVO', 0),
('129930', 'PAPELES COMERCIALES', 'ACTIVO', 0),
('129935', 'TITULOS', 'ACTIVO', 0),
('129940', 'ACEPTACIONES BANCARIAS O FINANCIERAS', 'ACTIVO', 0),
('129945', 'DERECHOS FIDUCIARIOS', 'ACTIVO', 0),
('129950', 'DERECHOS DE RECOMPRA DE INVERSIONES NEGOCIADAS', 'ACTIVO', 0),
('129955', 'OBLIGATORIAS', 'ACTIVO', 0),
('129960', 'CUENTAS EN PARTICIPACION', 'ACTIVO', 0),
('129995', 'OTRAS INVERSIONES', 'ACTIVO', 0),
('13', 'DEUDORES', 'ACTIVO', 0),
('1305', 'CLIENTES', 'ACTIVO', 0),
('130505', 'NACIONALES', 'ACTIVO', 0),
('130510', 'DEL EXTERIOR', 'ACTIVO', 0),
('130515', 'DEUDORES DEL SISTEMA', 'ACTIVO', 0),
('1310', 'CUENTAS CORRIENTES COMERCIALES', 'ACTIVO', 0),
('131005', 'CASA MATRIZ', 'ACTIVO', 0),
('131010', 'COMPA?IAS VINCULADAS', 'ACTIVO', 0),
('131015', 'ACCIONISTAS O SOCIOS', 'ACTIVO', 0),
('131020', 'PARTICULARES', 'ACTIVO', 0),
('131095', 'OTRAS', 'ACTIVO', 0),
('1315', 'CUENTAS POR COBRAR A CASA MATRIZ', 'ACTIVO', 0),
('131505', 'VENTAS', 'ACTIVO', 0),
('131510', 'PAGOS A NOMBRE DE CASA MATRIZ', 'ACTIVO', 0),
('131515', 'VALORES RECIBIDOS POR CASA MATRIZ', 'ACTIVO', 0),
('131520', 'PRESTAMOS', 'ACTIVO', 0),
('1320', 'CUENTAS POR COBRAR A VINCULADOS ECONOMICOS', 'ACTIVO', 0),
('132005', 'FILIALES', 'ACTIVO', 0),
('132010', 'SUBSIDIARIAS', 'ACTIVO', 0),
('132015', 'SUCURSALES', 'ACTIVO', 0),
('1325', 'CUENTAS POR COBRAR A SOCIOS Y ACCIONISTAS', 'ACTIVO', 0),
('132505', 'A SOCIOS', 'ACTIVO', 0),
('132510', 'A ACCIONISTAS', 'ACTIVO', 0),
('1328', 'APORTES POR COBRAR', 'ACTIVO', 0),
('1330', 'ANTICIPOS Y AVANCES', 'ACTIVO', 0),
('133005', 'A PROVEEDORES', 'ACTIVO', 0),
('133010', 'A CONTRATISTAS', 'ACTIVO', 0),
('133015', 'A TRABAJADORES', 'ACTIVO', 0),
('133020', 'A AGENTES', 'ACTIVO', 0),
('133025', 'A CONCESIONARIOS', 'ACTIVO', 0),
('133030', 'DE ADJUDICACIONES', 'ACTIVO', 0),
('133095', 'OTROS', 'ACTIVO', 0),
('1332', 'CUENTAS DE OPERACION CONJUNTA', 'ACTIVO', 0),
('1335', 'DEPOSITOS', 'ACTIVO', 0),
('133505', 'PARA IMPORTACIONES', 'ACTIVO', 0),
('133510', 'PARA SERVICIOS', 'ACTIVO', 0),
('133515', 'PARA CONTRATOS', 'ACTIVO', 0),
('133520', 'PARA RESPONSABILIDADES', 'ACTIVO', 0),
('133525', 'PARA JUICIOS EJECUTIVOS', 'ACTIVO', 0),
('133530', 'PARA ADQUISICION DE ACCIONES, CUOTAS O DERECHOS', 'ACTIVO', 0),
('133535', 'EN GARANTIA', 'ACTIVO', 0),
('133595', 'OTROS', 'ACTIVO', 0),
('1340', 'PROMESAS DE COMPRA VENTA', 'ACTIVO', 0),
('134005', 'DE BIENES RAICES', 'ACTIVO', 0),
('134010', 'DE MAQUINARIA Y EQUIPO', 'ACTIVO', 0),
('134015', 'DE FLOTA Y EQUIPO DE TRANSPORTE', 'ACTIVO', 0),
('134020', 'DE FLOTA Y EQUIPO AEREO', 'ACTIVO', 0),
('134025', 'DE FLOTA Y EQUIPO FERREO', 'ACTIVO', 0),
('134030', 'DE FLOTA Y EQUIPO FLUVIAL Y/O MARITIMO', 'ACTIVO', 0),
('134035', 'DE SEMOVIENTES', 'ACTIVO', 0),
('134095', 'DE OTROS BIENES', 'ACTIVO', 0),
('1345', 'INGRESOS POR COBRAR', 'ACTIVO', 0),
('134505', 'DIVIDENDOS Y/O PARTICIPACIONES', 'ACTIVO', 0),
('134510', 'INTERESES', 'ACTIVO', 0),
('134515', 'COMISIONES', 'ACTIVO', 0),
('134520', 'HONORARIOS', 'ACTIVO', 0),
('134525', 'SERVICIOS', 'ACTIVO', 0),
('134530', 'ARRENDAMIENTOS', 'ACTIVO', 0),
('134535', 'CERT POR COBRAR', 'ACTIVO', 0),
('134595', 'OTROS', 'ACTIVO', 0),
('1350', 'RETENCION SOBRE CONTRATOS', 'ACTIVO', 0),
('135005', 'DE CONSTRUCCION', 'ACTIVO', 0),
('135010', 'DE PRESTACION DE SERVICIOS', 'ACTIVO', 0),
('135095', 'OTROS', 'ACTIVO', 0),
('1355', 'ANTICIPO DE IMPUESTOS Y CONTRIBUCIONES O SALDOS A FAVOR', 'ACTIVO', 0),
('135505', 'ANTICIPO DE IMPUESTOS DE RENTA Y COMPLEMENTARIOS', 'ACTIVO', 0),
('135510', 'ANTICIPO DE IMPUESTOS DE INDUSTRIA Y COMERCIO', 'ACTIVO', 0),
('135515', 'RETENCION EN LA FUENTE', 'ACTIVO', 0),
('135520', 'SOBRANTES EN LIQUIDACION PRIVADA DE IMPUESTOS', 'ACTIVO', 0),
('135525', 'CONTRIBUCIONES', 'ACTIVO', 0),
('135530', 'IMPUESTOS DESCONTABLES', 'ACTIVO', 0),
('135595', 'OTROS', 'ACTIVO', 0),
('1360', 'RECLAMACIONES', 'ACTIVO', 0),
('136005', 'A COMPA?IAS ASEGURADORAS', 'ACTIVO', 0),
('136010', 'A TRANSPORTADORES', 'ACTIVO', 0),
('136015', 'POR TIQUETES AEREOS', 'ACTIVO', 0),
('136095', 'OTRAS', 'ACTIVO', 0),
('1365', 'CUENTAS POR COBRAR A TRABAJADORES', 'ACTIVO', 0),
('136505', 'VIVIENDA', 'ACTIVO', 0),
('136510', 'VEHICULOS', 'ACTIVO', 0),
('136515', 'EDUCACION', 'ACTIVO', 0),
('136520', 'MEDICOS, ODONTOLOGICOS Y SIMILARES', 'ACTIVO', 0),
('136525', 'CALAMIDAD DOMESTICA', 'ACTIVO', 0),
('136530', 'RESPONSABILIDADES', 'ACTIVO', 0),
('136595', 'OTROS', 'ACTIVO', 0),
('1370', 'PRESTAMOS A PARTICULARES', 'ACTIVO', 0),
('137005', 'CON GARANTIA REAL', 'ACTIVO', 0),
('137010', 'CON GARANTIA PERSONAL', 'ACTIVO', 0),
('1380', 'DEUDORES VARIOS', 'ACTIVO', 0),
('138005', 'DEPOSITARIOS', 'ACTIVO', 0),
('138010', 'COMISIONISTAS DE BOLSAS', 'ACTIVO', 0),
('138015', 'FONDO DE INVERSION', 'ACTIVO', 0),
('138020', 'CUENTAS POR COBRAR DE TERCEROS', 'ACTIVO', 0),
('138025', 'PAGOS POR CUENTA DE TERCEROS', 'ACTIVO', 0),
('138030', 'FONDOS DE INVERSION SOCIAL', 'ACTIVO', 0),
('138095', 'OTROS', 'ACTIVO', 0),
('1385', 'DERECHOS DE RECOMPRA DE CARTERA NEGOCIADA', 'ACTIVO', 0),
('1390', 'DEUDAS DE DIFICIL COBRO', 'ACTIVO', 0),
('1399', 'PROVISIONES', 'ACTIVO', 0),
('139905', 'CLIENTES', 'ACTIVO', 0),
('139910', 'CUENTAS CORRIENTES COMERCIALES', 'ACTIVO', 0),
('139915', 'CUENTAS POR COBRAR A CASA MATRIZ', 'ACTIVO', 0),
('139920', 'CUENTAS POR COBRAR A VINCULADOS ECONOMICOS', 'ACTIVO', 0),
('139925', 'CUENTAS POR COBRAR A SOCIOS Y ACCIONISTAS', 'ACTIVO', 0),
('139930', 'ANTICIPOS Y AVANCES', 'ACTIVO', 0),
('139932', 'CUENTAS DE OPERACION CONJUNTA', 'ACTIVO', 0),
('139935', 'DEPOSITOS', 'ACTIVO', 0),
('139940', 'PROMESAS DE COMPRAVENTA', 'ACTIVO', 0),
('139945', 'INGRESOS POR COBRAR', 'ACTIVO', 0),
('139950', 'RETENCION SOBRE CONTRATOS', 'ACTIVO', 0),
('139955', 'RECLAMACIONES', 'ACTIVO', 0),
('139960', 'CUENTAS POR COBRAR A TRABAJADORES', 'ACTIVO', 0),
('139965', 'PRESTAMOS A PARTICULARES', 'ACTIVO', 0),
('139975', 'DEUDORES VARIOS', 'ACTIVO', 0),
('139980', 'DERECHOS DE RECOMPRA DE CARTERA NEGOCIADA', 'ACTIVO', 0),
('14', 'INVENTARIOS', 'ACTIVO', 0),
('1405', 'MATERIAS PRIMAS', 'ACTIVO', 0),
('140599', 'AJUSTES POR INFLACION', 'ACTIVO', 0),
('1410', 'PRODUCTOS EN PROCESO', 'ACTIVO', 0),
('141099', 'AJUSTES POR INFLACION', 'ACTIVO', 0),
('1415', 'OBRAS DE CONSTRUCCION EN CURSO', 'ACTIVO', 0),
('141599', 'AJUSTES POR INFLACION', 'ACTIVO', 0),
('1417', 'OBRAS DE URBANISMO', 'ACTIVO', 0),
('141799', 'AJUSTES POR INFLACION', 'ACTIVO', 0),
('1420', 'CONTRATOS EN EJECUCION', 'ACTIVO', 0),
('142099', 'AJUSTES POR INFLACION', 'ACTIVO', 0),
('1425', 'CULTIVOS EN DESARROLLO', 'ACTIVO', 0),
('142599', 'AJUSTES POR INFLACION', 'ACTIVO', 0),
('1430', 'PRODUCTOS TERMINADOS', 'ACTIVO', 0),
('143005', 'PRODUCTOS MANUFACTURADOS', 'ACTIVO', 0),
('143010', 'PRODUCTOS EXTRAIDOS Y/O PROCESADOS', 'ACTIVO', 0),
('143015', 'PRODUCTOS AGRICOLAS Y FORESTALES', 'ACTIVO', 0),
('143020', 'SUBPRODUCTOS', 'ACTIVO', 0),
('143025', 'PRODUCTOS DE PESCA', 'ACTIVO', 0),
('143099', 'AJUSTES POR INFLACION', 'ACTIVO', 0),
('1435', 'MERCANCIAS NO FABRICADAS POR LA EMPRESA', 'ACTIVO', 0),
('143599', 'AJUSTES POR INFLACION', 'ACTIVO', 0),
('1440', 'BIENES RAICES PARA LA VENTA', 'ACTIVO', 0),
('144099', 'AJUSTES POR INFLACION', 'ACTIVO', 0),
('1445', 'SEMOVIENTES', 'ACTIVO', 0),
('144505', 'ESPECIES MAYORES', 'ACTIVO', 0),
('144510', 'ESPECIES MENORES', 'ACTIVO', 0),
('144599', 'AJUSTES POR INFLACION', 'ACTIVO', 0),
('1450', 'TERRENOS', 'ACTIVO', 0),
('145005', 'POR URBANIZAR', 'ACTIVO', 0),
('145010', 'URBANIZADOS POR CONSTRUIR', 'ACTIVO', 0),
('145099', 'AJUSTES POR INFLACION', 'ACTIVO', 0),
('1455', 'MATERIALES, REPUESTOS Y ACCESORIOS', 'ACTIVO', 0),
('145505', 'COMBUSTIBLES Y LUBRICANTES', 'ACTIVO', 0),
('145510', 'ABONOS Y FERTILIZANTES', 'ACTIVO', 0),
('145515', 'SEMILLAS TERMINADAS', 'ACTIVO', 0),
('145520', 'FUNGICIDAS Y HERBICIDAS', 'ACTIVO', 0),
('145525', 'MATERIALES Y REPUESTOS', 'ACTIVO', 0),
('145530', 'LOZA Y CRISTALERIA', 'ACTIVO', 0),
('145535', 'HERRAMIENTAS', 'ACTIVO', 0),
('145540', 'MEDICINAS', 'ACTIVO', 0),
('145545', 'ELEMENTOS HOSPITALARIOS', 'ACTIVO', 0),
('145550', 'INSTRUMENTAL QUIRURGICO', 'ACTIVO', 0),
('145555', 'DOTACION Y SUMINISTRO A TRABAJADORES', 'ACTIVO', 0),
('145560', 'ELEMENTOS DE ROPERIA Y LENCERIA', 'ACTIVO', 0),
('145595', 'OTROS', 'ACTIVO', 0),
('145599', 'AJUSTES POR INFLACION', 'ACTIVO', 0),
('1460', 'ENVASES Y EMPAQUES', 'ACTIVO', 0),
('146099', 'AJUSTES POR INFLACION', 'ACTIVO', 0),
('1465', 'INVENTARIOS EN TRANSITO', 'ACTIVO', 0),
('146599', 'AJUSTES POR INFLACION', 'ACTIVO', 0),
('1499', 'PROVISIONES', 'ACTIVO', 0),
('149905', 'PARA OBSOLESCENCIA', 'ACTIVO', 0),
('149910', 'PARA DIFERENCIA DE INVENTARIO FISICO', 'ACTIVO', 0),
('149915', 'PARA PERDIDAS DE INVENTARIOS', 'ACTIVO', 0),
('149920', 'LIFO', 'ACTIVO', 0),
('15', 'PROPIEDADES PLANTA Y EQUIPO', 'ACTIVO', 0),
('1504', 'TERRENOS', 'ACTIVO', 0),
('150405', 'URBANOS', 'ACTIVO', 0),
('150410', 'RURALES', 'ACTIVO', 0),
('150499', 'AJUSTES POR INFLACION', 'ACTIVO', 0),
('1506', 'MATERIALES PROYECTOS PETROLEROS', 'ACTIVO', 0),
('150605', 'TUBERIAS Y EQUIPO', 'ACTIVO', 0),
('150610', 'COSTOS DE IMPORTACION MATERIALES', 'ACTIVO', 0),
('150615', 'PROYECTOS DE CONSTRUCCION', 'ACTIVO', 0),
('150699', 'AJUSTES POR INFLACION', 'ACTIVO', 0),
('1508', 'CONSTRUCCIONES EN CURSO', 'ACTIVO', 0),
('150805', 'CONSTRUCCIONES Y EDIFICACIONES', 'ACTIVO', 0),
('150810', 'ACUEDUCTOS PLANTAS Y REDES', 'ACTIVO', 0),
('150815', 'VIAS DE COMUNICACION', 'ACTIVO', 0),
('150820', 'POZOS ARTESIANOS', 'ACTIVO', 0),
('150825', 'PROYECTOS DE EXPLORACION', 'ACTIVO', 0),
('150830', 'PROYECTOS DE DESARROLLO', 'ACTIVO', 0),
('150899', 'AJUSTES POR INFLACION', 'ACTIVO', 0),
('1512', 'MAQUINARIA Y EQUIPOS EN MONTAJE', 'ACTIVO', 0),
('151205', 'MAQUINARIA Y EQUIPO', 'ACTIVO', 0),
('151210', 'EQUIPO DE OFICINA', 'ACTIVO', 0),
('151215', 'EQUIPO DE COMPUTACION Y COMUNICACION', 'ACTIVO', 0),
('151220', 'EQUIPO MEDICO-CIENTIFICO', 'ACTIVO', 0),
('151225', 'EQUIPO DE HOTELES Y RESTAURANTES', 'ACTIVO', 0),
('151230', 'FLOTA Y EQUIPO DE TRANSPORTE', 'ACTIVO', 0),
('151235', 'FLOTA Y EQUIPO FLUVIAL Y/O MARITIMO', 'ACTIVO', 0),
('151240', 'FLOTA Y EQUIPO AEREO', 'ACTIVO', 0),
('151245', 'FLOTA Y EQUIPO FERREO', 'ACTIVO', 0),
('151250', 'PLANTAS Y REDES', 'ACTIVO', 0),
('151299', 'AJUSTES POR INFLACION', 'ACTIVO', 0),
('1516', 'CONSTRUCCIONES Y EDIFICACIONES', 'ACTIVO', 0),
('151605', 'EDIFICIOS', 'ACTIVO', 0),
('151610', 'OFICINAS', 'ACTIVO', 0),
('151615', 'ALMACENES', 'ACTIVO', 0),
('151620', 'FABRICAS Y PLANTAS INDUSTRIALES', 'ACTIVO', 0),
('151625', 'SALAS DE EXHIBICION Y VENTAS', 'ACTIVO', 0),
('151630', 'CAFETERIA Y CASINOS', 'ACTIVO', 0),
('151635', 'SILOS', 'ACTIVO', 0),
('151640', 'INVERNADEROS', 'ACTIVO', 0),
('151645', 'CASETAS Y CAMPAMENTOS', 'ACTIVO', 0),
('151650', 'INSTALACIONES AGROPECUARIAS', 'ACTIVO', 0),
('151655', 'VIVIENDAS PARA EMPLEADOS Y OBREROS', 'ACTIVO', 0),
('151660', 'TERMINAL DE BUSES Y TAXIS', 'ACTIVO', 0),
('151663', 'TERMINAL MARITIMO', 'ACTIVO', 0),
('151665', 'TERMINAL FERREO', 'ACTIVO', 0),
('151670', 'PARQUEADEROS, GARAJES Y DEPOSITOS', 'ACTIVO', 0),
('151675', 'HANGARES', 'ACTIVO', 0),
('151680', 'BODEGAS', 'ACTIVO', 0),
('151695', 'OTROS', 'ACTIVO', 0),
('151699', 'AJUSTES POR INFLACION', 'ACTIVO', 0),
('1520', 'MAQUINARIA Y EQUIPO', 'ACTIVO', 0),
('152099', 'AJUSTES POR INFLACION', 'ACTIVO', 0),
('1524', 'EQUIPO DE OFICINA', 'ACTIVO', 0),
('152405', 'MUEBLES Y ENSERES', 'ACTIVO', 0),
('152410', 'EQUIPOS', 'ACTIVO', 0),
('152495', 'OTROS', 'ACTIVO', 0),
('152499', 'AJUSTES POR INFLACION', 'ACTIVO', 0),
('1528', 'EQUIPO DE COMPUTACION Y COMUNICACION', 'ACTIVO', 0),
('152805', 'EQUIPOS DE PROCESAMIENTO DE DATOS', 'ACTIVO', 0),
('152810', 'EQUIPOS DE TELECOMUNICACIONES', 'ACTIVO', 0),
('152815', 'EQUIPOS DE RADIO', 'ACTIVO', 0),
('152820', 'SATELITES Y ANTENAS', 'ACTIVO', 0),
('152825', 'LINEAS TELEFONICAS', 'ACTIVO', 0),
('152895', 'OTROS', 'ACTIVO', 0),
('152899', 'AJUSTES POR INFLACION', 'ACTIVO', 0),
('1532', 'EQUIPO MEDICO - CIENTIFICO', 'ACTIVO', 0),
('153205', 'MEDICO', 'ACTIVO', 0),
('153210', 'ODONTOLOGICO', 'ACTIVO', 0),
('153215', 'LABORATORIO', 'ACTIVO', 0),
('153220', 'INSTRUMENTAL', 'ACTIVO', 0),
('153295', 'OTROS', 'ACTIVO', 0),
('153299', 'AJUSTES POR INFLACION', 'ACTIVO', 0),
('1536', 'EQUIPO DE HOTELES Y RESTAURANTES', 'ACTIVO', 0),
('153605', 'DE HABITACIONES', 'ACTIVO', 0),
('153610', 'DE COMESTIBLES Y BEBIDAS', 'ACTIVO', 0),
('153695', 'OTROS', 'ACTIVO', 0),
('153699', 'AJUSTES POR INFLACION', 'ACTIVO', 0),
('1540', 'FLOTA Y EQUIPO DE TRANSPORTE', 'ACTIVO', 0),
('154005', 'AUTOS, CAMIONETAS Y CAMPEROS', 'ACTIVO', 0),
('154008', 'CAMIONES, VOLQUETAS Y FURGONES', 'ACTIVO', 0),
('154010', 'TRACTOMULAS Y REMOLQUES', 'ACTIVO', 0),
('154015', 'BUSES Y BUSETAS', 'ACTIVO', 0),
('154017', 'RECOLECTORES Y CONTENEDORES', 'ACTIVO', 0),
('154020', 'MONTACARGAS', 'ACTIVO', 0),
('154025', 'PALAS Y GRUAS', 'ACTIVO', 0),
('154030', 'MOTOCICLETAS', 'ACTIVO', 0),
('154035', 'BICICLETAS', 'ACTIVO', 0),
('154040', 'ESTIBAS Y CARRETAS', 'ACTIVO', 0),
('154045', 'BANDAS TRANSPORTADORAS', 'ACTIVO', 0),
('154095', 'OTROS', 'ACTIVO', 0),
('154099', 'AJUSTES POR INFLACION', 'ACTIVO', 0),
('1544', 'FLOTA Y EQUIPO FLUVIAL Y/O MARITIMO', 'ACTIVO', 0),
('154405', 'BUQUES', 'ACTIVO', 0),
('154410', 'LANCHAS', 'ACTIVO', 0),
('154415', 'REMOLCADORAS', 'ACTIVO', 0),
('154420', 'BOTES', 'ACTIVO', 0),
('154425', 'BOYAS', 'ACTIVO', 0),
('154430', 'AMARRES', 'ACTIVO', 0),
('154435', 'CONTENEDORES Y CHASSISES', 'ACTIVO', 0),
('154440', 'GABARRAS', 'ACTIVO', 0),
('154495', 'OTROS', 'ACTIVO', 0),
('154499', 'AJUSTES POR INFLACION', 'ACTIVO', 0),
('1548', 'FLOTA Y EQUIPO AEREO', 'ACTIVO', 0),
('154805', 'AVIONES', 'ACTIVO', 0),
('154810', 'AVIONETAS', 'ACTIVO', 0),
('154815', 'HELICOPTEROS', 'ACTIVO', 0),
('154820', 'TURBINAS Y MOTORES', 'ACTIVO', 0),
('154825', 'MANUALES DE ENTRENAMIENTO PERSONAL TECNICO', 'ACTIVO', 0),
('154830', 'EQUIPOS DE VUELO', 'ACTIVO', 0),
('154895', 'OTROS', 'ACTIVO', 0),
('154899', 'AJUSTES POR INFLACION', 'ACTIVO', 0),
('1552', 'FLOTA Y EQUIPO FERREO', 'ACTIVO', 0),
('155205', 'LOCOMOTORAS', 'ACTIVO', 0),
('155210', 'VAGONES', 'ACTIVO', 0),
('155215', 'REDES FERREAS', 'ACTIVO', 0),
('155295', 'OTROS', 'ACTIVO', 0),
('155299', 'AJUSTES POR INFLACION', 'ACTIVO', 0),
('1556', 'ACUEDUCTOS PLANTAS Y REDES', 'ACTIVO', 0),
('155605', 'INSTALACIONES PARA AGUA Y ENERGIA', 'ACTIVO', 0),
('155610', 'ACUEDUCTO ACEQUIAS Y CANALIZACIONES', 'ACTIVO', 0),
('155615', 'PLANTAS DE GENERACION HIDRAULICA', 'ACTIVO', 0),
('155620', 'PLANTAS DE GENERACION TERMICA', 'ACTIVO', 0),
('155625', 'PLANTAS DE GENERACION A GAS', 'ACTIVO', 0),
('155628', 'PLANTAS DE GENERACION DIESEL, GASOLINA Y PETROLEO', 'ACTIVO', 0),
('155630', 'PLANTAS DE DISTRIBUCION', 'ACTIVO', 0),
('155635', 'PLANTAS DE TRANSMISION Y SUBESTACIONES', 'ACTIVO', 0),
('155640', 'OLEODUCTOS', 'ACTIVO', 0),
('155645', 'GASODUCTOS', 'ACTIVO', 0),
('155647', 'POLIDUCTOS', 'ACTIVO', 0),
('155650', 'REDES DE DISTRIBUCION', 'ACTIVO', 0),
('155655', 'PLANTAS DE TRATAMIENTO', 'ACTIVO', 0),
('155660', 'REDES DE RECOLECCION DE AGUAS NEGRAS', 'ACTIVO', 0),
('155665', 'INSTALACIONES Y EQUIPO DE BOMBEO', 'ACTIVO', 0),
('155670', 'REDES DE DISTRIBUCION DE VAPOR', 'ACTIVO', 0),
('155675', 'REDES DE AIRE', 'ACTIVO', 0),
('155680', 'REDES ALIMENTACION DE GAS', 'ACTIVO', 0),
('155682', 'REDES EXTERNAS DE TELEFONIA', 'ACTIVO', 0),
('155685', 'PLANTAS DESHIDRATADORAS', 'ACTIVO', 0),
('155695', 'OTROS', 'ACTIVO', 0),
('155699', 'AJUSTES POR INFLACION', 'ACTIVO', 0),
('1560', 'ARMAMENTO DE VIGILANCIA', 'ACTIVO', 0),
('156099', 'AJUSTES POR INFLACION', 'ACTIVO', 0),
('1562', 'ENVASES Y EMPAQUES', 'ACTIVO', 0),
('156299', 'AJUSTES POR INFLACION', 'ACTIVO', 0),
('1564', 'PLANTACIONES AGRICOLAS Y FORESTALES', 'ACTIVO', 0),
('156405', 'CULTIVOS EN DESARROLLO', 'ACTIVO', 0),
('156410', 'CULTIVOS AMORTIZABLES', 'ACTIVO', 0),
('156499', 'AJUSTES POR INFLACION', 'ACTIVO', 0),
('1568', 'VIAS DE COMUNICACION', 'ACTIVO', 0),
('156805', 'PAVIMENTACION Y PATIOS', 'ACTIVO', 0),
('156810', 'VIAS', 'ACTIVO', 0),
('156815', 'PUENTES', 'ACTIVO', 0),
('156820', 'CALLES', 'ACTIVO', 0),
('156825', 'AERODROMOS', 'ACTIVO', 0),
('156895', 'OTROS', 'ACTIVO', 0),
('156899', 'AJUSTES POR INFLACION', 'ACTIVO', 0),
('1572', 'MINAS Y CANTERAS', 'ACTIVO', 0),
('157205', 'MINAS', 'ACTIVO', 0),
('157210', 'CANTERAS', 'ACTIVO', 0),
('157299', 'AJUSTES POR INFLACION', 'ACTIVO', 0),
('1576', 'POZOS ARTESIANOS', 'ACTIVO', 0),
('157699', 'AJUSTES POR INFLACION', 'ACTIVO', 0),
('1580', 'YACIMIENTOS', 'ACTIVO', 0),
('158099', 'AJUSTES POR INFLACION', 'ACTIVO', 0),
('1584', 'SEMOVIENTES', 'ACTIVO', 0),
('158405', 'ESPECIES MENORES', 'ACTIVO', 0),
('158410', 'ESPECIES MAYORES', 'ACTIVO', 0),
('158499', 'AJUSTES POR INFLACION', 'ACTIVO', 0),
('1588', 'PROPIEDADES PLANTA Y EQUIPO EN TRANSITO', 'ACTIVO', 0),
('158805', 'MAQUINARIA Y EQUIPO', 'ACTIVO', 0),
('158810', 'EQUIPO DE OFICINA', 'ACTIVO', 0),
('158815', 'EQUIPO DE COMPUTACION Y COMUNICACION', 'ACTIVO', 0),
('158820', 'EQUIPO MEDICO CIENTIFICO', 'ACTIVO', 0),
('158825', 'EQUIPO DE HOTELES Y RESTAURANTES', 'ACTIVO', 0),
('158830', 'FLOTA Y EQUIPO DE TRANSPORTE', 'ACTIVO', 0),
('158835', 'FLOTA Y EQUIPO FLUVIAL Y/O MARITIMO', 'ACTIVO', 0),
('158840', 'FLOTA Y EQUIPO AEREO', 'ACTIVO', 0),
('158845', 'FLOTA Y EQUIPO FERREO', 'ACTIVO', 0),
('158850', 'PLANTAS Y REDES', 'ACTIVO', 0),
('158855', 'ARMAMENTO DE VIGILANCIA', 'ACTIVO', 0),
('158860', 'SEMOVIENTES', 'ACTIVO', 0),
('158865', 'ENVASES Y EMPAQUES', 'ACTIVO', 0),
('158899', 'AJUSTES POR INFLACION', 'ACTIVO', 0),
('1592', 'DEPRECIACION ACUMULADA', 'ACTIVO', 0),
('159205', 'CONSTRUCCIONES Y EDIFICACIONES', 'ACTIVO', 0),
('159210', 'MAQUINARIA Y EQUIPO', 'ACTIVO', 0),
('159215', 'EQUIPO DE OFICINA', 'ACTIVO', 0),
('159220', 'EQUIPO DE COMPUTACION Y COMUNICACION', 'ACTIVO', 0),
('159225', 'EQUIPO MEDICO CIENTIFICO', 'ACTIVO', 0),
('159230', 'EQUIPO DE HOTELES Y RESTAURANTES', 'ACTIVO', 0),
('159235', 'FLOTA Y EQUIPO DE TRANSPORTE', 'ACTIVO', 0),
('159240', 'FLOTA Y EQUIPO FLUVIAL Y/O MARITIMO', 'ACTIVO', 0),
('159245', 'FLOTA Y EQUIPO AEREO', 'ACTIVO', 0),
('159250', 'FLOTA Y EQUIPO FERREO', 'ACTIVO', 0),
('159255', 'ACUEDUCTOS PLANTAS Y REDES', 'ACTIVO', 0),
('159260', 'ARMAMENTO DE VIGILANCIA', 'ACTIVO', 0),
('159265', 'ENVASES Y EMPAQUES', 'ACTIVO', 0),
('159299', 'AJUSTES POR INFLACION', 'ACTIVO', 0),
('1596', 'DEPRECIACION DIFERIDA', 'ACTIVO', 0),
('159605', 'EXCESO FISCAL SOBRE LA CONTABLE', 'ACTIVO', 0),
('159610', 'DEFECTO FISCAL SOBRE LA CONTABLE (CR)', 'ACTIVO', 0),
('159699', 'AJUSTES POR INFLACION', 'ACTIVO', 0),
('1597', 'AMORTIZACION ACUMULADA', 'ACTIVO', 0),
('159705', 'PLANTACIONES AGRICOLAS Y FORESTALES', 'ACTIVO', 0),
('159710', 'VIAS DE COMUNICACION', 'ACTIVO', 0),
('159715', 'SEMOVIENTES', 'ACTIVO', 0),
('159799', 'AJUSTES POR INFLACION', 'ACTIVO', 0),
('1598', 'AGOTAMIENTO ACUMULADO', 'ACTIVO', 0),
('159805', 'MINAS Y CANTERAS', 'ACTIVO', 0),
('159815', 'POZOS ARTESIANOS', 'ACTIVO', 0),
('159820', 'YACIMIENTOS', 'ACTIVO', 0),
('159899', 'AJUSTES POR INFLACION', 'ACTIVO', 0),
('1599', 'PROVISIONES', 'ACTIVO', 0),
('159904', 'TERRENOS', 'ACTIVO', 0),
('159906', 'MATERIALES PROYECTOS PETROLEROS', 'ACTIVO', 0),
('159908', 'CONSTRUCCIONES EN CURSO', 'ACTIVO', 0),
('159912', 'MAQUINARIA EN MONTAJE', 'ACTIVO', 0),
('159916', 'CONSTRUCCIONES Y EDIFICACIONES', 'ACTIVO', 0),
('159920', 'MAQUINARIA Y EQUIPO', 'ACTIVO', 0),
('159924', 'EQUIPO DE OFICINA', 'ACTIVO', 0),
('159928', 'EQUIPO DE COMPUTACION Y COMUNICACION', 'ACTIVO', 0),
('159932', 'EQUIPO MEDICO CIENTIFICO', 'ACTIVO', 0),
('159936', 'EQUIPO DE HOTELES Y RESTAURANTES', 'ACTIVO', 0),
('159940', 'FLOTA Y EQUIPO DE TRANSPORTE', 'ACTIVO', 0),
('159944', 'FLOTA Y EQUIPO FLUVIAL Y/O MARITIMO', 'ACTIVO', 0),
('159948', 'FLOTA Y EQUIPO AEREO', 'ACTIVO', 0),
('159952', 'FLOTA Y EQUIPO FERREO', 'ACTIVO', 0),
('159956', 'ACUEDUCTOS, PLANTAS Y REDES', 'ACTIVO', 0),
('159960', 'ARMAMENTO DE VIGILANCIA', 'ACTIVO', 0),
('159962', 'ENVASES Y EMPAQUES', 'ACTIVO', 0),
('159964', 'PLANTACIONES AGRICOLAS Y FORESTALES', 'ACTIVO', 0),
('159968', 'VIAS DE COMUNICACION', 'ACTIVO', 0),
('159972', 'MINAS Y CANTERAS', 'ACTIVO', 0),
('159980', 'POZOS ARTESIANOS', 'ACTIVO', 0),
('159984', 'YACIMIENTOS', 'ACTIVO', 0),
('159988', 'SEMOVIENTES', 'ACTIVO', 0),
('159992', 'PROPIEDADES PLANTA Y EQUIPO EN TRANSITO', 'ACTIVO', 0),
('16', 'INTANGIBLES', 'ACTIVO', 0),
('1605', 'CREDITO MERCANTIL', 'ACTIVO', 0),
('160505', 'FORMADO O ESTIMADO', 'ACTIVO', 0),
('160510', 'ADQUIRIDO O COMPRADO', 'ACTIVO', 0),
('160599', 'AJUSTES POR INFLACION', 'ACTIVO', 0),
('1610', 'MARCAS', 'ACTIVO', 0),
('161005', 'ADQUIRIDAS', 'ACTIVO', 0),
('161010', 'FORMADAS', 'ACTIVO', 0),
('161099', 'AJUSTES POR INFLACION', 'ACTIVO', 0),
('1615', 'PATENTES', 'ACTIVO', 0),
('161505', 'ADQUIRIDAS', 'ACTIVO', 0),
('161510', 'FORMADAS', 'ACTIVO', 0),
('161599', 'AJUSTES POR INFLACION', 'ACTIVO', 0),
('1620', 'CONCESIONES Y FRANQUICIAS', 'ACTIVO', 0),
('162005', 'CONCESIONES', 'ACTIVO', 0),
('162010', 'FRANQUICIAS', 'ACTIVO', 0),
('162099', 'AJUSTES POR INFLACION', 'ACTIVO', 0),
('1625', 'DERECHOS', 'ACTIVO', 0),
('162505', 'DERECHOS DE AUTOR', 'ACTIVO', 0),
('162510', 'PUESTO DE BOLSA', 'ACTIVO', 0),
('162515', 'EN FIDEICOMISOS INMOBILIARIOS', 'ACTIVO', 0),
('162520', 'EN FIDEICOMISOS DE GARANTIA', 'ACTIVO', 0),
('162525', 'EN FIDEICOMISOS DE ADMINISTRACION', 'ACTIVO', 0),
('162595', 'OTROS', 'ACTIVO', 0),
('162599', 'AJUSTES POR INFLACION', 'ACTIVO', 0),
('1630', 'KNOW HOW', 'ACTIVO', 0),
('163099', 'AJUSTES POR INFLACION', 'ACTIVO', 0),
('1635', 'LICENCIAS', 'ACTIVO', 0),
('163599', 'AJUSTES POR INFLACION', 'ACTIVO', 0),
('1698', 'AMORTIZACION ACUMULADA', 'ACTIVO', 0),
('169805', 'CREDITO MERCANTIL', 'ACTIVO', 0),
('169810', 'MARCAS', 'ACTIVO', 0),
('169815', 'PATENTES', 'ACTIVO', 0),
('169820', 'CONCESIONES Y FRANQUICIAS', 'ACTIVO', 0),
('169830', 'DERECHOS', 'ACTIVO', 0),
('169835', 'KNOW HOW', 'ACTIVO', 0),
('169840', 'LICENCIAS', 'ACTIVO', 0),
('169899', 'AJUSTES POR INFLACION', 'ACTIVO', 0),
('1699', 'PROVISIONES', 'ACTIVO', 0),
('17', 'DIFERIDOS', 'ACTIVO', 0),
('1705', 'GASTOS PAGADOS POR ANTICIPADO', 'ACTIVO', 0),
('170505', 'INTERESES', 'ACTIVO', 0),
('170510', 'HONORARIOS', 'ACTIVO', 0),
('170515', 'COMISIONES', 'ACTIVO', 0),
('170520', 'SEGUROS Y FIANZAS', 'ACTIVO', 0),
('170525', 'ARRENDAMIENTOS', 'ACTIVO', 0),
('170530', 'BODEGAJES', 'ACTIVO', 0),
('170535', 'MANTENIMIENTO EQUIPOS', 'ACTIVO', 0),
('170540', 'SERVICIOS', 'ACTIVO', 0),
('170545', 'SUSCRIPCIONES', 'ACTIVO', 0),
('170595', 'OTROS', 'ACTIVO', 0),
('1710', 'CARGOS DIFERIDOS', 'ACTIVO', 0),
('171004', 'ORGANIZACION Y PREOPERATIVOS', 'ACTIVO', 0),
('171008', 'REMODELACIONES', 'ACTIVO', 0),
('171012', 'ESTUDIOS, INVESTIGACIONES Y PROYECTOS', 'ACTIVO', 0),
('171016', 'PROGRAMAS PARA COMPUTADOR (SOFTWARE)', 'ACTIVO', 0),
('171020', 'UTILES Y PAPELERIA', 'ACTIVO', 0),
('171024', 'MEJORAS A PROPIEDADES AJENAS', 'ACTIVO', 0),
('171028', 'CONTRIBUCIONES Y AFILIACIONES', 'ACTIVO', 0),
('171032', 'ENTRENAMIENTO DE PERSONAL', 'ACTIVO', 0),
('171036', 'FERIAS Y EXPOSICIONES', 'ACTIVO', 0),
('171040', 'LICENCIAS', 'ACTIVO', 0),
('171044', 'PUBLICIDAD, PROPAGANDA Y AVISOS', 'ACTIVO', 0),
('171048', 'ELEMENTOS DE ASEO Y CAFETERIA', 'ACTIVO', 0),
('171052', 'MOLDES Y TROQUELES', 'ACTIVO', 0),
('171056', 'INSTRUMENTAL QUIRURGICO', 'ACTIVO', 0),
('171060', 'DOTACION Y SUMINISTRO A TRABAJADORES', 'ACTIVO', 0),
('171064', 'ELEMENTOS DE ROPERIA Y LENCERIA', 'ACTIVO', 0),
('171068', 'LOZA Y CRISTALERIA', 'ACTIVO', 0),
('171072', 'DESCUENTO EN COLOCACION DE BONOS', 'ACTIVO', 0),
('171076', 'IMPUESTO DE RENTA DIFERIDO "DEBITOS" POR DIFERENCIAS', 'ACTIVO', 0),
('171080', 'CONCURSOS Y LICITACIONES', 'ACTIVO', 0),
('171095', 'OTROS', 'ACTIVO', 0),
('171099', 'AJUSTES POR INFLACION', 'ACTIVO', 0),
('1715', 'COSTOS DE EXPLORACION POR AMORTIZAR', 'ACTIVO', 0),
('171505', 'POZOS SECOS', 'ACTIVO', 0),
('171510', 'POZOS NO COMERCIALES', 'ACTIVO', 0),
('171515', 'OTROS COSTOS DE EXPLORACION', 'ACTIVO', 0),
('171599', 'AJUSTES POR INFLACION', 'ACTIVO', 0),
('1720', 'COSTOS DE EXPLOTACION Y DESARROLLO', 'ACTIVO', 0),
('172005', 'PERFORACION Y EXPLOTACION', 'ACTIVO', 0),
('172010', 'PERFORACIONES CAMPOS EN DESARROLLO', 'ACTIVO', 0),
('172015', 'FACILIDADES DE PRODUCCION', 'ACTIVO', 0),
('172020', 'SERVICIO A POZOS', 'ACTIVO', 0),
('172099', 'AJUSTES POR INFLACION', 'ACTIVO', 0),
('1730', 'CARGOS POR CORRECCION MONETARIA DIFERIDA', 'ACTIVO', 0),
('1798', 'AMORTIZACION ACUMULADA', 'ACTIVO', 0),
('179805', 'COSTOS DE EXPLORACION POR AMORTIZAR', 'ACTIVO', 0),
('179810', 'COSTOS DE EXPLOTACION Y DESARROLLO', 'ACTIVO', 0),
('179899', 'AJUSTES POR INFLACION', 'ACTIVO', 0),
('18', 'OTROS ACTIVOS', 'ACTIVO', 0),
('1805', 'BIENES DE ARTE Y CULTURA', 'ACTIVO', 0),
('180505', 'OBRAS DE ARTE', 'ACTIVO', 0),
('180510', 'BIBLIOTECAS', 'ACTIVO', 0),
('180595', 'OTROS', 'ACTIVO', 0),
('180599', 'AJUSTES POR INFLACION', 'ACTIVO', 0),
('1895', 'DIVERSOS', 'ACTIVO', 0),
('189505', 'MAQUINAS PORTEADORAS', 'ACTIVO', 0),
('189510', 'BIENES ENTREGADOS EN COMODATO', 'ACTIVO', 0),
('189515', 'AMORTIZACION ACUMULADA DE BIENES ENTREGADOS EN COMODATO (CR)', 'ACTIVO', 0),
('189520', 'BIENES RECIBIDOS EN PAGO', 'ACTIVO', 0),
('189525', 'DERECHOS SUCESORALES', 'ACTIVO', 0),
('189530', 'ESTAMPILLAS', 'ACTIVO', 0),
('189595', 'OTROS', 'ACTIVO', 0),
('189599', 'AJUSTES POR INFLACION', 'ACTIVO', 0),
('1899', 'PROVISIONES', 'ACTIVO', 0),
('189905', 'BIENES DE ARTE Y CULTURA', 'ACTIVO', 0),
('189995', 'DIVERSOS', 'ACTIVO', 0),
('19', 'VALORIZACIONES', 'ACTIVO', 0),
('1905', 'DE INVERSIONES', 'ACTIVO', 0),
('190505', 'ACCIONES', 'ACTIVO', 0),
('190510', 'CUOTAS O PARTES DE INTERES SOCIAL', 'ACTIVO', 0),
('190515', 'DERECHOS FIDUCIARIOS', 'ACTIVO', 0),
('1910', 'DE PROPIEDADES PLANTA Y EQUIPO', 'ACTIVO', 0),
('191004', 'TERRENOS', 'ACTIVO', 0),
('191006', 'MATERIALES PROYECTOS PETROLEROS', 'ACTIVO', 0),
('191008', 'CONSTRUCCIONES Y EDIFICACIONES', 'ACTIVO', 0),
('191012', 'MAQUINARIA Y EQUIPO', 'ACTIVO', 0),
('191016', 'EQUIPO DE OFICINA', 'ACTIVO', 0),
('191020', 'EQUIPO DE COMPUTACION Y COMUNICACION', 'ACTIVO', 0),
('191024', 'EQUIPO MEDICO CIENTIFICO', 'ACTIVO', 0),
('191028', 'EQUIPO DE HOTELES Y RESTAURANTES', 'ACTIVO', 0),
('191032', 'FLOTA Y EQUIPO DE TRANSPORTE', 'ACTIVO', 0),
('191036', 'FLOTA Y EQUIPO FLUVIAL Y/O MARITIMO', 'ACTIVO', 0),
('191040', 'FLOTA Y EQUIPO AEREO', 'ACTIVO', 0),
('191044', 'FLOTA Y EQUIPO FERREO', 'ACTIVO', 0),
('191048', 'ACUEDUCTOS PLANTAS Y REDES', 'ACTIVO', 0),
('191052', 'ARMAMENTO DE VIGILANCIA', 'ACTIVO', 0),
('191056', 'ENVASES Y EMPAQUES', 'ACTIVO', 0),
('191060', 'PLANTACIONES AGRICOLAS Y FORESTALES', 'ACTIVO', 0),
('191064', 'VIAS DE COMUNICACION', 'ACTIVO', 0),
('191068', 'MINAS Y CANTERAS', 'ACTIVO', 0),
('191072', 'POZOS ARTESIANOS', 'ACTIVO', 0),
('191076', 'YACIMIENTOS', 'ACTIVO', 0),
('191080', 'SEMOVIENTES', 'ACTIVO', 0),
('1995', 'DE OTROS ACTIVOS', 'ACTIVO', 0),
('199505', 'BIENES DE ARTE Y CULTURA', 'ACTIVO', 0),
('199510', 'BIENES ENTREGADOS EN COMODATO', 'ACTIVO', 0),
('199515', 'BIENES RECIBIDOS EN PAGO', 'ACTIVO', 0),
('199520', 'INVENTARIO DE SEMOVIENTES', 'ACTIVO', 0),
('2', 'PASIVO', 'PASIVO', 0),
('21', 'OBLIGACIONES FINANCIERAS', 'PASIVO', 0),
('2105', 'BANCOS NACIONALES', 'PASIVO', 0),
('210505', 'SOBREGIROS', 'PASIVO', 0),
('210510', 'PAGARES', 'PASIVO', 0),
('210515', 'CARTAS DE CREDITO', 'PASIVO', 0),
('210520', 'ACEPTACIONES BANCARIAS', 'PASIVO', 0),
('2110', 'BANCOS DEL EXTERIOR', 'PASIVO', 0),
('211005', 'SOBREGIROS', 'PASIVO', 0),
('211010', 'PAGARES', 'PASIVO', 0),
('211015', 'CARTAS DE CREDITO', 'PASIVO', 0),
('211020', 'ACEPTACIONES BANCARIAS', 'PASIVO', 0),
('2115', 'CORPORACIONES FINANCIERAS', 'PASIVO', 0),
('211505', 'PAGARES', 'PASIVO', 0),
('211510', 'ACEPTACIONES FINANCIERAS', 'PASIVO', 0),
('211515', 'CARTAS DE CREDITO', 'PASIVO', 0),
('2120', 'COMPA?IAS DE FINANCIAMIENTO COMERCIAL', 'PASIVO', 0),
('212005', 'PAGARES', 'PASIVO', 0),
('212010', 'ACEPTACIONES FINANCIERAS', 'PASIVO', 0),
('2125', 'CORPORACIONES DE AHORRO Y VIVIENDA', 'PASIVO', 0),
('212505', 'SOBREGIROS', 'PASIVO', 0),
('212510', 'PAGARES', 'PASIVO', 0),
('212515', 'HIPOTECARIAS', 'PASIVO', 0),
('2130', 'ENTIDADES FINANCIERAS DEL EXTERIOR', 'PASIVO', 0),
('2135', 'COMPROMISOS DE RECOMPRA DE INVERSIONES NEGOCIADAS', 'PASIVO', 0),
('213505', 'ACCIONES', 'PASIVO', 0),
('213510', 'CUOTAS O PARTES DE INTERES SOCIAL', 'PASIVO', 0),
('213515', 'BONOS', 'PASIVO', 0),
('213520', 'CEDULAS', 'PASIVO', 0),
('213525', 'CERTIFICADOS', 'PASIVO', 0),
('213530', 'PAPELES COMERCIALES', 'PASIVO', 0),
('213535', 'TITULOS', 'PASIVO', 0),
('213540', 'ACEPTACIONES BANCARIAS O FINANCIERAS', 'PASIVO', 0),
('213595', 'OTROS', 'PASIVO', 0),
('2140', 'COMPROMISOS DE RECOMPRA DE CARTERA NEGOCIADA', 'PASIVO', 0),
('2145', 'OBLIGACIONES GUBERNAMENTALES', 'PASIVO', 0),
('214505', 'GOBIERNO NACIONAL', 'PASIVO', 0),
('214510', 'ENTIDADES OFICIALES', 'PASIVO', 0),
('2195', 'OTRAS OBLIGACIONES', 'PASIVO', 0),
('219505', 'PARTICULARES', 'PASIVO', 0),
('219510', 'COMPA?IAS VINCULADAS', 'PASIVO', 0),
('219515', 'CASA MATRIZ', 'PASIVO', 0),
('219520', 'SOCIOS O ACCIONISTAS', 'PASIVO', 0),
('219525', 'FONDOS Y COOPERATIVAS', 'PASIVO', 0),
('219595', 'OTRAS', 'PASIVO', 0),
('22', 'PROVEEDORES', 'PASIVO', 0),
('2205', 'NACIONALES', 'PASIVO', 0),
('2210', 'DEL EXTERIOR', 'PASIVO', 0),
('2215', 'CUENTAS CORRIENTES COMERCIALES', 'PASIVO', 0),
('2220', 'CASA MATRIZ', 'PASIVO', 0),
('2225', 'COMPA?IAS VINCULADAS', 'PASIVO', 0),
('23', 'CUENTAS POR PAGAR', 'PASIVO', 0),
('2305', 'CUENTAS CORRIENTES COMERCIALES', 'PASIVO', 0),
('2310', 'A CASA MATRIZ', 'PASIVO', 0),
('2315', 'A COMPA?IAS VINCULADAS', 'PASIVO', 0),
('2320', 'A CONTRATISTAS', 'PASIVO', 0),
('2330', 'ORDENES DE COMPRA POR UTILIZAR', 'PASIVO', 0),
('2335', 'COSTOS Y GASTOS POR  PAGAR', 'PASIVO', 0),
('233505', 'GASTOS FINANCIEROS', 'PASIVO', 0),
('233510', 'GASTOS LEGALES', 'PASIVO', 0),
('233515', 'LIBROS, SUSCRIPCIONES, PERIODICOS Y REVISTAS', 'PASIVO', 0),
('233520', 'COMISIONES', 'PASIVO', 0),
('233525', 'HONORARIOS', 'PASIVO', 0),
('233530', 'SERVICIOS TECNICOS', 'PASIVO', 0),
('233535', 'SERVICIOS DE MANTENIMIENTO', 'PASIVO', 0),
('233540', 'ARRENDAMIENTOS', 'PASIVO', 0),
('233545', 'TRANSPORTES, FLETES Y ACARREOS', 'PASIVO', 0),
('233550', 'SERVICIOS PUBLICOS', 'PASIVO', 0),
('233555', 'SEGUROS', 'PASIVO', 0),
('233560', 'GASTOS DE VIAJE', 'PASIVO', 0),
('233565', 'GASTOS DE REPRESENTACION Y RELACIONES PUBLICAS', 'PASIVO', 0),
('233570', 'SERVICIOS ADUANEROS', 'PASIVO', 0),
('233595', 'OTROS', 'PASIVO', 0),
('2340', 'INSTALAMENTOS POR PAGAR', 'PASIVO', 0),
('2345', 'ACREEDORES OFICIALES', 'PASIVO', 0),
('2350', 'REGALIAS POR PAGAR', 'PASIVO', 0),
('2355', 'DEUDAS CON ACCIONISTAS O SOCIOS', 'PASIVO', 0),
('235505', 'ACCIONISTAS', 'PASIVO', 0),
('235510', 'SOCIOS', 'PASIVO', 0),
('2360', 'DIVIDENDOS O PARTICIPACIONES POR PAGAR', 'PASIVO', 0),
('236005', 'DIVIDENDOS', 'PASIVO', 0),
('236010', 'PARTICIPACIONES', 'PASIVO', 0),
('2365', 'RETENCION EN LA FUENTE', 'PASIVO', 0),
('236505', 'SALARIOS Y PAGOS LABORALES', 'PASIVO', 0),
('236510', 'DIVIDENDOS Y/O PARTICIPACIONES', 'PASIVO', 0),
('236515', 'HONORARIOS', 'PASIVO', 0),
('236520', 'COMISIONES', 'PASIVO', 0),
('236525', 'SERVICIOS', 'PASIVO', 0),
('236530', 'ARRENDAMIENTOS', 'PASIVO', 0),
('236535', 'RENDIMIENTOS FINANCIEROS', 'PASIVO', 0),
('236540', 'COMPRAS', 'PASIVO', 0),
('236545', 'LOTERIAS, RIFAS, APUESTAS Y SIMILARES', 'PASIVO', 0),
('236550', 'POR PAGOS AL EXTERIOR', 'PASIVO', 0),
('236555', 'POR INGRESOS OBTENIDOS EN EL EXTERIOR', 'PASIVO', 0),
('236560', 'ENAJENACION PROPIEDADES PLANTA Y EQUIPO PERSONAS NATURALES', 'PASIVO', 0),
('236565', 'POR IMPUESTO DE TIMBRE', 'PASIVO', 0),
('236570', 'OTRAS RETENCIONES Y PATRIMONIO', 'PASIVO', 0),
('236575', 'AUTORRETENCIONES', 'PASIVO', 0),
('2370', 'RETENCIONES Y APORTES DE NOMINA', 'PASIVO', 0),
('237005', 'APORTES AL I.S.S.', 'PASIVO', 0),
('237010', 'APORTES AL I.C.B.F., SENA Y CAJAS DE COMPENSACION', 'PASIVO', 0),
('237015', 'APORTES AL F.I.C.', 'PASIVO', 0),
('237025', 'EMBARGOS JUDICIALES', 'PASIVO', 0),
('237030', 'LIBRANZAS', 'PASIVO', 0),
('237035', 'SINDICATOS', 'PASIVO', 0),
('237040', 'COOPERATIVAS', 'PASIVO', 0),
('237045', 'FONDOS', 'PASIVO', 0),
('237095', 'OTROS', 'PASIVO', 0),
('2375', 'CUOTAS POR DEVOLVER', 'PASIVO', 0),
('2380', 'ACREEDORES VARIOS', 'PASIVO', 0),
('238005', 'DEPOSITARIOS', 'PASIVO', 0),
('238010', 'COMISIONISTAS DE BOLSAS', 'PASIVO', 0),
('238015', 'SOCIEDAD ADMINISTRADORA - FONDOS DE INVERSION', 'PASIVO', 0),
('238020', 'REINTEGROS POR PAGAR', 'PASIVO', 0),
('238025', 'FONDO DE PERSEVERANCIA', 'PASIVO', 0),
('238030', 'FONDOS DE CESANTIAS Y/O PENSIONES', 'PASIVO', 0),
('238035', 'DONACIONES ASIGNADAS POR PAGAR', 'PASIVO', 0),
('238095', 'OTROS', 'PASIVO', 0),
('24', 'IMPUESTOS, GRAVAMENES Y TASAS', 'PASIVO', 0),
('2404', 'DE RENTA Y COMPLEMENTARIOS', 'PASIVO', 0),
('240405', 'VIGENCIA FISCAL CORRIENTE', 'PASIVO', 0),
('240410', 'VIGENCIAS FISCALES ANTERIORES', 'PASIVO', 0),
('2408', 'IMPUESTO SOBRE LAS VENTAS POR PAGAR', 'PASIVO', 0),
('2412', 'DE INDUSTRIA Y COMERCIO', 'PASIVO', 0),
('241205', 'VIGENCIA FISCAL CORRIENTE', 'PASIVO', 0),
('241210', 'VIGENCIAS FISCALES ANTERIORES', 'PASIVO', 0),
('2416', 'A LA PROPIEDAD RAIZ', 'PASIVO', 0),
('2420', 'DERECHOS SOBRE INSTRUMENTOS PUBLICOS', 'PASIVO', 0),
('2424', 'DE VALORIZACION', 'PASIVO', 0),
('242405', 'VIGENCIA FISCAL CORRIENTE', 'PASIVO', 0),
('242410', 'VIGENCIAS FISCALES ANTERIORES', 'PASIVO', 0),
('2428', 'DE TURISMO', 'PASIVO', 0),
('2432', 'TASA POR UTILIZACION DE PUERTOS', 'PASIVO', 0),
('2436', 'DE VEHICULOS', 'PASIVO', 0),
('243605', 'VIGENCIA FISCAL CORRIENTE', 'PASIVO', 0),
('243610', 'VIGENCIAS FISCALES ANTERIORES', 'PASIVO', 0),
('2440', 'DE ESPECTACULOS PUBLICOS', 'PASIVO', 0),
('2444', 'DE HIDROCARBUROS Y MINAS', 'PASIVO', 0),
('244405', 'DE HIDROCARBUROS', 'PASIVO', 0),
('244410', 'DE MINAS', 'PASIVO', 0),
('2448', 'REGALIAS E IMPUESTOS A LA PEQUE?A Y MEDIANA MINERIA', 'PASIVO', 0),
('2452', 'A LAS EXPORTACIONES CAFETERAS', 'PASIVO', 0),
('2456', 'A LAS IMPORTACIONES', 'PASIVO', 0),
('2460', 'CUOTAS DE FOMENTO', 'PASIVO', 0),
('2464', 'DE LICORES, CERVEZAS Y CIGARRILLOS', 'PASIVO', 0),
('246405', 'DE LICORES', 'PASIVO', 0),
('246410', 'DE CERVEZAS', 'PASIVO', 0),
('246415', 'DE CIGARRILLOS', 'PASIVO', 0),
('2468', 'AL SACRIFICIO DE GANADO', 'PASIVO', 0),
('2472', 'AL AZAR Y JUEGOS', 'PASIVO', 0),
('2495', 'OTROS', 'PASIVO', 0),
('25', 'OBLIGACIONES LABORALES', 'PASIVO', 0),
('2505', 'SALARIOS POR PAGAR', 'PASIVO', 0),
('2510', 'CESANTIAS CONSOLIDADAS', 'PASIVO', 0),
('251005', 'LEY LABORAL ANTERIOR', 'PASIVO', 0),
('251010', 'LEY 50 DE 1990 Y NORMAS POSTERIORES', 'PASIVO', 0),
('2515', 'INTERESES SOBRE CESANTIAS', 'PASIVO', 0),
('2520', 'PRIMA DE SERVICIOS', 'PASIVO', 0),
('2525', 'VACACIONES CONSOLIDADAS', 'PASIVO', 0),
('252501', 'a 252598', 'PASIVO', 0),
('2530', 'PRESTACIONES EXTRALEGALES', 'PASIVO', 0),
('253005', 'PRIMAS', 'PASIVO', 0),
('253010', 'AUXILIOS', 'PASIVO', 0),
('253015', 'DOTACION Y SUMINISTRO A TRABAJADORES', 'PASIVO', 0),
('253020', 'BONIFICACIONES', 'PASIVO', 0),
('253025', 'SEGUROS', 'PASIVO', 0),
('253095', 'OTRAS', 'PASIVO', 0),
('2532', 'PENSIONES POR PAGAR', 'PASIVO', 0),
('2535', 'CUOTAS PARTES PENSIONES DE JUBILACION', 'PASIVO', 0),
('2540', 'INDEMNIZACIONES LABORALES', 'PASIVO', 0),
('26', 'PASIVOS ESTIMADOS Y PROVISIONES', 'PASIVO', 0),
('2605', 'PARA COSTOS Y GASTOS', 'PASIVO', 0),
('260505', 'INTERESES', 'PASIVO', 0),
('260510', 'COMISIONES', 'PASIVO', 0),
('260515', 'HONORARIOS', 'PASIVO', 0),
('260520', 'SERVICIOS TECNICOS', 'PASIVO', 0),
('260525', 'TRANSPORTES, FLETES Y ACARREOS', 'PASIVO', 0),
('260530', 'GASTOS DE VIAJE', 'PASIVO', 0),
('260535', 'SERVICIOS PUBLICOS', 'PASIVO', 0),
('260540', 'REGALIAS', 'PASIVO', 0),
('260545', 'GARANTIAS', 'PASIVO', 0),
('260550', 'MATERIALES Y REPUESTOS', 'PASIVO', 0),
('260595', 'OTROS', 'PASIVO', 0),
('2610', 'PARA OBLIGACIONES LABORALES', 'PASIVO', 0),
('261005', 'CESANTIAS', 'PASIVO', 0),
('261010', 'INTERESES SOBRE CESANTIAS', 'PASIVO', 0),
('261015', 'VACACIONES', 'PASIVO', 0),
('261020', 'PRIMA DE SERVICIOS', 'PASIVO', 0),
('261025', 'PRESTACIONES EXTRALEGALES', 'PASIVO', 0),
('261030', 'VIATICOS', 'PASIVO', 0),
('261095', 'OTRAS', 'PASIVO', 0),
('2615', 'PARA OBLIGACIONES FISCALES', 'PASIVO', 0),
('261505', 'DE RENTA Y COMPLEMENTARIOS', 'PASIVO', 0),
('261510', 'DE INDUSTRIA Y COMERCIO', 'PASIVO', 0),
('261515', 'TASA POR UTILIZACION DE PUERTOS', 'PASIVO', 0),
('261520', 'DE VEHICULOS', 'PASIVO', 0),
('261525', 'DE HIDROCARBUROS Y MINAS', 'PASIVO', 0),
('261595', 'OTROS', 'PASIVO', 0),
('2620', 'PENSIONES DE JUBILACION', 'PASIVO', 0),
('262005', 'CALCULO ACTUARIAL PENSIONES DE JUBILACION', 'PASIVO', 0),
('262010', 'PENSIONES DE JUBILACION POR AMORTIZAR (DB)', 'PASIVO', 0),
('2625', 'PARA OBRAS DE URBANISMO', 'PASIVO', 0),
('262505', 'ACUEDUCTO Y ALCANTARILLADO', 'PASIVO', 0),
('262510', 'ENERGIA ELECTRICA', 'PASIVO', 0),
('262515', 'TELEFONOS', 'PASIVO', 0),
('262595', 'OTROS', 'PASIVO', 0),
('2630', 'PARA MANTENIMIENTO Y REPARACIONES', 'PASIVO', 0),
('263005', 'TERRENOS', 'PASIVO', 0),
('263010', 'CONSTRUCCIONES Y EDIFICACIONES', 'PASIVO', 0),
('263015', 'MAQUINARIA Y EQUIPO', 'PASIVO', 0),
('263020', 'EQUIPO DE OFICINA', 'PASIVO', 0),
('263025', 'EQUIPO DE COMPUTACION Y COMUNICACION', 'PASIVO', 0),
('263030', 'EQUIPO MEDICO - CIENTIFICO', 'PASIVO', 0),
('263035', 'EQUIPO DE HOTELES Y RESTAURANTES', 'PASIVO', 0),
('263040', 'FLOTA Y EQUIPO DE TRANSPORTE', 'PASIVO', 0),
('263045', 'FLOTA Y EQUIPO FLUVIAL Y/O MARITIMO', 'PASIVO', 0),
('263050', 'FLOTA Y EQUIPO AEREO', 'PASIVO', 0),
('263055', 'FLOTA Y EQUIPO FERREO', 'PASIVO', 0),
('263060', 'ACUEDUCTOS PLANTAS Y REDES', 'PASIVO', 0),
('263065', 'ARMAMENTO DE VIGILANCIA', 'PASIVO', 0),
('263070', 'ENVASES Y EMPAQUES', 'PASIVO', 0),
('263075', 'PLANTACIONES AGRICOLAS Y FORESTALES', 'PASIVO', 0),
('263080', 'VIAS DE CUMUNICACION', 'PASIVO', 0),
('263085', 'POZOS ARTESIANOS', 'PASIVO', 0),
('263095', 'OTROS', 'PASIVO', 0),
('2635', 'PARA CONTINGENCIAS', 'PASIVO', 0),
('263505', 'MULTAS Y SANCIONES AUTORIDADES ADMINISTRATIVAS', 'PASIVO', 0),
('263510', 'INTERESES POR MULTAS Y SANCIONES', 'PASIVO', 0),
('263515', 'RECLAMOS', 'PASIVO', 0),
('263520', 'LABORALES', 'PASIVO', 0),
('263525', 'CIVILES', 'PASIVO', 0),
('263530', 'PENALES', 'PASIVO', 0),
('263535', 'ADMINISTRATIVOS', 'PASIVO', 0),
('263540', 'COMERCIALES', 'PASIVO', 0),
('263595', 'OTRAS', 'PASIVO', 0),
('2640', 'PARA OBLIGACIONES DE GARANTIAS', 'PASIVO', 0),
('2695', 'PROVISIONES DIVERSAS', 'PASIVO', 0),
('269505', 'PARA BENEFICENCIA', 'PASIVO', 0),
('269510', 'PARA COMUNICACIONES', 'PASIVO', 0),
('269515', 'PARA PERDIDA EN TRANSPORTE', 'PASIVO', 0),
('269520', 'PARA OPERACION', 'PASIVO', 0),
('269525', 'PARA PROTECCION DE BIENES AGOTABLES', 'PASIVO', 0),
('269530', 'PARA AJUSTES EN REDENCION DE UNIDADES', 'PASIVO', 0),
('269535', 'AUTOSEGURO', 'PASIVO', 0),
('269540', 'PLANES Y PROGRAMAS DE REFORESTACION Y ELECTRIFICACION', 'PASIVO', 0),
('269595', 'OTRAS', 'PASIVO', 0),
('27', 'DIFERIDOS', 'PASIVO', 0),
('2705', 'INGRESOS RECIBIDOS POR ANTICIPADO', 'PASIVO', 0),
('270505', 'INTERESES', 'PASIVO', 0),
('270510', 'COMISIONES', 'PASIVO', 0),
('270515', 'ARRENDAMIENTOS', 'PASIVO', 0),
('270520', 'HONORARIOS', 'PASIVO', 0),
('270525', 'SERVICIOS TECNICOS', 'PASIVO', 0),
('270530', 'DE SUSCRIPTORES', 'PASIVO', 0),
('270535', 'TRANSPORTES, FLETES Y ACARREOS', 'PASIVO', 0),
('270540', 'MERCANCIA EN TRANSITO YA VENDIDA', 'PASIVO', 0),
('270545', 'MATRICULAS Y PENSIONES', 'PASIVO', 0),
('270550', 'CUOTAS DE ADMINISTRACION', 'PASIVO', 0),
('270595', 'OTROS', 'PASIVO', 0),
('2710', 'ABONOS DIFERIDOS', 'PASIVO', 0),
('271005', 'REAJUSTE DEL SISTEMA', 'PASIVO', 0),
('2715', 'UTILIDAD DIFERIDA EN VENTAS A PLAZOS', 'PASIVO', 0),
('2720', 'CREDITO POR CORRECCION MONETARIA DIFERIDA', 'PASIVO', 0),
('2725', 'IMPUESTOS DIFERIDOS', 'PASIVO', 0),
('272505', 'POR DEPRECIACION FLEXIBLE', 'PASIVO', 0),
('272595', 'DIVERSOS', 'PASIVO', 0),
('272599', 'AJUSTES POR INFLACION', 'PASIVO', 0),
('28', 'OTROS PASIVOS', 'PASIVO', 0),
('2805', 'ANTICIPOS Y AVANCES RECIBIDOS', 'PASIVO', 0),
('280505', 'DE CLIENTES', 'PASIVO', 0),
('280510', 'SOBRE CONTRATOS', 'PASIVO', 0),
('280515', 'PARA OBRAS EN PROCESO', 'PASIVO', 0),
('280595', 'OTROS', 'PASIVO', 0),
('2810', 'DEPOSITOS RECIBIDOS', 'PASIVO', 0),
('281005', 'PARA FUTURA SUSCRIPCION DE ACCIONES', 'PASIVO', 0),
('281010', 'PARA FUTURO PAGO DE CUOTAS O DERECHOS SOCIALES', 'PASIVO', 0),
('281015', 'PARA GARANTIA EN LA PRESTACION DE SERVICIOS', 'PASIVO', 0),
('281020', 'PARA GARANTIA DE CONTRATOS', 'PASIVO', 0),
('281025', 'DE LICITACIONES', 'PASIVO', 0),
('281030', 'DE MANEJO DE BIENES', 'PASIVO', 0),
('281035', 'FONDO DE RESERVA', 'PASIVO', 0),
('281095', 'OTROS', 'PASIVO', 0),
('2815', 'INGRESOS RECIBIDOS PARA TERCEROS', 'PASIVO', 0),
('281505', 'VALORES RECIBIDOS PARA TERCEROS', 'PASIVO', 0),
('281510', 'VENTA POR CUENTA DE TERCEROS', 'PASIVO', 0),
('2820', 'CUENTAS DE OPERACION CONJUNTA', 'PASIVO', 0),
('2825', 'RETENCIONES A TERCEROS SOBRE CONTRATOS', 'PASIVO', 0),
('282505', 'CUMPLIMIENTO OBLIGACIONES LABORALES', 'PASIVO', 0),
('282510', 'PARA ESTABILIDAD DE OBRA', 'PASIVO', 0),
('282515', 'GARANTIA CUMPLIMIENTO DE CONTRATOS', 'PASIVO', 0),
('2830', 'EMBARGOS JUDICIALES', 'PASIVO', 0),
('283005', 'INDEMNIZACIONES', 'PASIVO', 0),
('283010', 'DEPOSITOS JUDICIALES', 'PASIVO', 0),
('2835', 'ACREEDORES DEL SISTEMA', 'PASIVO', 0),
('283505', 'CUOTAS NETAS', 'PASIVO', 0),
('283510', 'GRUPOS EN FORMACION', 'PASIVO', 0),
('2840', 'CUENTAS EN PARTICIPACION', 'PASIVO', 0),
('2895', 'DIVERSOS', 'PASIVO', 0),
('289505', 'PRESTAMOS DE PRODUCTOS', 'PASIVO', 0),
('289510', 'REEMBOLSO DE COSTOS EXPLORATORIOS', 'PASIVO', 0),
('289515', 'PROGRAMA DE EXTENSION AGROPECUARIA', 'PASIVO', 0),
('29', 'BONOS Y PAPELES COMERCIALES', 'PASIVO', 0),
('2905', 'BONOS EN CIRCULACION', 'PASIVO', 0),
('290505', 'GARANTIA GENERAL', 'PASIVO', 0),
('290510', 'GARANTIA ESPECIFICA', 'PASIVO', 0),
('2910', 'BONOS OBLIGATORIAMENTE CONVERTIBLES EN ACCIONES', 'PASIVO', 0),
('2915', 'PAPELES COMERCIALES', 'PASIVO', 0),
('3', 'PATRIMONIO', 'PATRIMONIO', 0),
('31', 'CAPITAL SOCIAL', 'PATRIMONIO', 0),
('3105', 'CAPITAL SUSCRITO Y PAGADO', 'PATRIMONIO', 0),
('310505', 'CAPITAL AUTORIZADO', 'PATRIMONIO', 0),
('310510', 'CAPITAL POR SUSCRIBIR (DB)', 'PATRIMONIO', 0),
('310515', 'CAPITAL SUSCRITO POR COBRAR (DB)', 'PATRIMONIO', 0),
('3110', 'ACCIONES, CUOTAS O PARTES DE INTERES SOCIAL PROPIAS READQUIRIDAS (DB)', 'PATRIMONIO', 0),
('311005', 'ACCIONES PROPIAS READQUIRIDAS (DB)', 'PATRIMONIO', 0),
('311010', 'CUOTAS O PARTES DE INTERES SOCIAL PROPIAS READQUIRIDAS (DB)', 'PATRIMONIO', 0),
('3115', 'APORTES SOCIALES', 'PATRIMONIO', 0),
('311505', 'CUOTAS O PARTES DE INTERES SOCIAL', 'PATRIMONIO', 0),
('311510', 'APORTES DE SOCIOS - FONDO MUTUO DE INVERSION', 'PATRIMONIO', 0),
('311515', 'CONTRIBUCION DE LA EMPRESA - FONDO MUTUO DE INVERSION', 'PATRIMONIO', 0),
('311520', 'SUSCRIPCIONES DEL PUBLICO', 'PATRIMONIO', 0),
('3120', 'CAPITAL ASIGNADO', 'PATRIMONIO', 0),
('3125', 'INVERSION SUPLEMENTARIA AL CAPITAL ASIGNADO', 'PATRIMONIO', 0),
('3130', 'CAPITAL DE PERSONAS NATURALES', 'PATRIMONIO', 0),
('3135', 'APORTES DEL ESTADO', 'PATRIMONIO', 0),
('3140', 'FONDO SOCIAL', 'PATRIMONIO', 0),
('32', 'SUPERAVIT DE CAPITAL', 'PATRIMONIO', 0),
('3205', 'PRIMA EN COLOCACION DE ACCIONES, CUOTAS O PARTES DE INTERES', 'PATRIMONIO', 0),
('320505', 'PRIMA EN COLOCACION DE ACCIONES', 'PATRIMONIO', 0),
('320510', 'PRIMA EN COLOCACION DE ACCIONES POR COBRAR (DB)', 'PATRIMONIO', 0),
('320515', 'PRIMA EN COLOCACION DE CUOTAS O PARTES DE INTERES SOCIAL', 'PATRIMONIO', 0),
('3210', 'DONACIONES', 'PATRIMONIO', 0),
('321005', 'EN DINERO', 'PATRIMONIO', 0),
('321010', 'EN VALORES MOBILIARIOS', 'PATRIMONIO', 0),
('321015', 'EN BIENES MUEBLES', 'PATRIMONIO', 0),
('321020', 'EN BIENES INMUEBLES', 'PATRIMONIO', 0),
('321025', 'EN INTANGIBLES', 'PATRIMONIO', 0),
('3215', 'CREDITO MERCANTIL', 'PATRIMONIO', 0),
('33', 'RESERVAS', 'PATRIMONIO', 0),
('3305', 'RESERVAS OBLIGATORIAS', 'PATRIMONIO', 0),
('330505', 'RESERVA LEGAL', 'PATRIMONIO', 0),
('330510', 'RESERVAS POR DISPOSICIONES FISCALES', 'PATRIMONIO', 0),
('330515', 'RESERVA PARA READQUISICION DE ACCIONES', 'PATRIMONIO', 0),
('330517', 'RESERVA PARA READQUISICION DE CUOTAS O PARTES DE INTERES SOCIAL', 'PATRIMONIO', 0),
('330520', 'RESERVA PARA EXTENSION AGROPECUARIA', 'PATRIMONIO', 0),
('330525', 'RESERVA LEY 7a. DE 1990', 'PATRIMONIO', 0),
('330530', 'RESERVA PARA REPOSICION DE SEMOVIENTES', 'PATRIMONIO', 0),
('330535', 'RESERVA LEY 4a DE 1980', 'PATRIMONIO', 0),
('330595', 'OTRAS', 'PATRIMONIO', 0);
INSERT INTO `puc` (`nro_cuenta`, `nombre_cuenta`, `clase`, `estado`) VALUES
('3310', 'RESERVAS ESTATUTARIAS', 'PATRIMONIO', 0),
('331005', 'PARA FUTURAS CAPITALIZACIONES', 'PATRIMONIO', 0),
('331010', 'PARA REPOSICION DE ACTIVOS', 'PATRIMONIO', 0),
('331015', 'PARA FUTUROS ENSANCHES', 'PATRIMONIO', 0),
('331095', 'OTRAS', 'PATRIMONIO', 0),
('3315', 'RESERVAS OCASIONALES', 'PATRIMONIO', 0),
('331505', 'PARA BENEFICENCIA Y CIVISMO', 'PATRIMONIO', 0),
('331510', 'PARA FUTURAS CAPITALIZACIONES', 'PATRIMONIO', 0),
('331515', 'PARA FUTUROS ENSANCHES', 'PATRIMONIO', 0),
('331520', 'PARA ADQUISICION O REPOSICION DE PROPIEDADES PLANTA Y EQUIPO', 'PATRIMONIO', 0),
('331525', 'PARA INVESTIGACIONES Y DESARROLLO', 'PATRIMONIO', 0),
('331530', 'PARA FOMENTO ECONOMICO', 'PATRIMONIO', 0),
('331535', 'PARA CAPITAL DE TRABAJO', 'PATRIMONIO', 0),
('331540', 'PARA ESTABILIZACION DE RENDIMIENTOS', 'PATRIMONIO', 0),
('331545', 'A DISPOSICION DEL MAXIMO ORGANO SOCIAL', 'PATRIMONIO', 0),
('331595', 'OTRAS', 'PATRIMONIO', 0),
('34', 'REVALORIZACION DEL PATRIMONIO', 'PATRIMONIO', 0),
('3405', 'AJUSTES POR INFLACION', 'PATRIMONIO', 0),
('340505', 'DE CAPITAL SOCIAL', 'PATRIMONIO', 0),
('340510', 'DE SUPERAVIT DE CAPITAL', 'PATRIMONIO', 0),
('340515', 'DE RESERVAS', 'PATRIMONIO', 0),
('340520', 'DE RESULTADOS DE EJERCICIOS ANTERIORES', 'PATRIMONIO', 0),
('340525', 'DE ACTIVOS EN PERIODO IMPRODUCTIVO', 'PATRIMONIO', 0),
('3410', 'SANEAMIENTO FISCAL', 'PATRIMONIO', 0),
('3415', 'AJUSTES POR INFLACION DECRETO 3019 DE 1989', 'PATRIMONIO', 0),
('35', 'DIVIDENDOS O PARTICIPACIONES DECRETADOS EN ACCIONES, CUOTAS O PARTES DE INTERES SOCIAL', 'PATRIMONIO', 0),
('3505', 'DIVIDENDOS DECRETADOS EN ACCIONES', 'PATRIMONIO', 0),
('3510', 'PARTICIPACIONES DECRETADAS EN CUOTAS O PARTES DE INTERES SOCIAL', 'PATRIMONIO', 0),
('36', 'RESULTADOS DEL EJERCICIO', 'PATRIMONIO', 0),
('3605', 'UTILIDAD DEL EJERCICIO', 'PATRIMONIO', 0),
('360505', 'UTILIDAD DEL EJERCICIO', 'PATRIMONIO', 0),
('360510', 'UTILIDAD POR EXPOSICION A LA INFLACION', 'PATRIMONIO', 0),
('3610', 'PERDIDA DEL EJERCICIO', 'PATRIMONIO', 0),
('361005', 'PERDIDA DEL EJERCICIO', 'PATRIMONIO', 0),
('361010', 'PERDIDA POR EXPOSICION A LA INFLACION', 'PATRIMONIO', 0),
('37', 'RESULTADOS DE EJERCICIOS ANTERIORES', 'PATRIMONIO', 0),
('3705', 'UTILIDADES O EXCEDENTES ACUMULADOS', 'PATRIMONIO', 0),
('3710', 'PERDIDAS ACUMULADAS', 'PATRIMONIO', 0),
('38', 'SUPERAVIT POR VALORIZACIONES', 'PATRIMONIO', 0),
('3805', 'DE INVERSIONES', 'PATRIMONIO', 0),
('380505', 'ACCIONES', 'PATRIMONIO', 0),
('380510', 'CUOTAS O PARTES DE INTERES SOCIAL', 'PATRIMONIO', 0),
('380515', 'DERECHOS FIDUCIARIOS', 'PATRIMONIO', 0),
('3810', 'DE PROPIEDADES PLANTA Y EQUIPO', 'PATRIMONIO', 0),
('381004', 'TERRENOS', 'PATRIMONIO', 0),
('381006', 'MATERIALES PROYECTOS PETROLEROS', 'PATRIMONIO', 0),
('381008', 'CONSTRUCCIONES Y EDIFICACIONES', 'PATRIMONIO', 0),
('381012', 'MAQUINARIA Y EQUIPO', 'PATRIMONIO', 0),
('381016', 'EQUIPO DE OFICINA', 'PATRIMONIO', 0),
('381020', 'EQUIPO DE COMPUTACION Y COMUNICACION', 'PATRIMONIO', 0),
('381024', 'EQUIPO MEDICO CIENTIFICO', 'PATRIMONIO', 0),
('381028', 'EQUIPO DE HOTELES Y RESTAURANTES', 'PATRIMONIO', 0),
('381032', 'FLOTA Y EQUIPO DE TRANSPORTE', 'PATRIMONIO', 0),
('381036', 'FLOTA Y EQUIPO FLUVIAL Y/O MARITIMO', 'PATRIMONIO', 0),
('381040', 'FLOTA Y EQUIPO AEREO', 'PATRIMONIO', 0),
('381044', 'FLOTA Y EQUIPO FERREO', 'PATRIMONIO', 0),
('381048', 'ACUEDUCTOS PLANTAS Y REDES', 'PATRIMONIO', 0),
('381052', 'ARMAMENTO DE VIGILANCIA', 'PATRIMONIO', 0),
('381056', 'ENVASES Y EMPAQUES', 'PATRIMONIO', 0),
('381060', 'PLANTACIONES AGRICOLAS Y FORESTALES', 'PATRIMONIO', 0),
('381064', 'VIAS DE COMUNICACION', 'PATRIMONIO', 0),
('381068', 'MINAS Y CANTERAS', 'PATRIMONIO', 0),
('381072', 'POZOS ARTESIANOS', 'PATRIMONIO', 0),
('381076', 'YACIMIENTOS', 'PATRIMONIO', 0),
('381080', 'SEMOVIENTES', 'PATRIMONIO', 0),
('3895', 'DE OTROS ACTIVOS', 'PATRIMONIO', 0),
('389505', 'BIENES DE ARTE Y CULTURA', 'PATRIMONIO', 0),
('389510', 'BIENES ENTREGADOS EN COMODATO', 'PATRIMONIO', 0),
('389515', 'BIENES RECIBIDOS EN PAGO', 'PATRIMONIO', 0),
('389520', 'INVENTARIO DE SEMOVIENTES', 'PATRIMONIO', 0),
('4', 'INGRESOS', 'INGRESOS', 0),
('41', 'OPERACIONALES', 'INGRESOS', 0),
('4105', 'AGRICULTURA, GANADERIA, CAZA Y SILVICULTURA', 'INGRESOS', 0),
('410505', 'CULTIVO DE CEREALES', 'INGRESOS', 0),
('410510', 'CULTIVOS DE HORTALIZAS, LEGUMBRES Y PLANTAS ORNAMENTALES', 'INGRESOS', 0),
('410515', 'CULTIVOS DE FRUTAS, NUECES Y PLANTAS AROMATICAS', 'INGRESOS', 0),
('410520', 'CULTIVO DE CAFE', 'INGRESOS', 0),
('410525', 'CULTIVO DE FLORES', 'INGRESOS', 0),
('410530', 'CULTIVO DE CA?A DE AZUCAR', 'INGRESOS', 0),
('410535', 'CULTIVO DE ALGODON Y PLANTAS PARA MATERIAL TEXTIL', 'INGRESOS', 0),
('410540', 'CULTIVO DE BANANO', 'INGRESOS', 0),
('410545', 'OTROS CULTIVOS AGRICOLAS', 'INGRESOS', 0),
('410550', 'CRIA DE OVEJAS, CABRAS, ASNOS, MULAS Y BURDEGANOS', 'INGRESOS', 0),
('410555', 'CRIA DE GANADO CABALLAR Y VACUNO.', 'INGRESOS', 0),
('410560', 'PRODUCCION AVICOLA', 'INGRESOS', 0),
('410565', 'CRIA DE OTROS ANIMALES', 'INGRESOS', 0),
('410570', 'SERVICIOS AGRICOLAS Y GANADEROS', 'INGRESOS', 0),
('410575', 'ACTIVIDAD DE CAZA', 'INGRESOS', 0),
('410580', 'ACTIVIDAD DE SILVICULTURA', 'INGRESOS', 0),
('410599', 'AJUSTES POR INFLACION', 'INGRESOS', 0),
('4110', 'PESCA', 'INGRESOS', 0),
('411005', 'ACTIVIDAD DE PESCA', 'INGRESOS', 0),
('411010', 'EXPLOTACION DE CRIADEROS DE PECES', 'INGRESOS', 0),
('411095', 'ACTIVIDADES CONEXAS', 'INGRESOS', 0),
('411099', 'AJUSTES POR INFLACION', 'INGRESOS', 0),
('4115', 'EXPLOTACION DE MINAS Y CANTERAS', 'INGRESOS', 0),
('411505', 'CARBON', 'INGRESOS', 0),
('411510', 'PETROLEO CRUDO', 'INGRESOS', 0),
('411512', 'GAS NATURAL', 'INGRESOS', 0),
('411514', 'SERVICIOS RELACIONADOS CON EXTRACCION DE PETROLEO Y GAS', 'INGRESOS', 0),
('411515', 'MINERALES DE HIERRO', 'INGRESOS', 0),
('411520', 'MINERALES METALIFEROS NO FERROSOS', 'INGRESOS', 0),
('411525', 'PIEDRA, ARENA Y ARCILLA', 'INGRESOS', 0),
('411527', 'PIEDRAS PRECIOSAS', 'INGRESOS', 0),
('411528', 'ORO', 'INGRESOS', 0),
('411530', 'OTRAS MINAS Y CANTERAS', 'INGRESOS', 0),
('411532', 'PRESTACION DE SERVICIOS SECTOR MINERO', 'INGRESOS', 0),
('411595', 'ACTIVIDADES CONEXAS', 'INGRESOS', 0),
('411599', 'AJUSTES POR INFLACION', 'INGRESOS', 0),
('4120', 'INDUSTRIAS MANUFACTURERAS', 'INGRESOS', 0),
('412001', 'PRODUCCION Y PROCESAMIENTO DE CARNES Y PRODUCTOS CARNICOS', 'INGRESOS', 0),
('412002', 'PRODUCTOS DE PESCADO', 'INGRESOS', 0),
('412003', 'PRODUCTOS DE FRUTAS, LEGUMBRES Y HORTALIZAS', 'INGRESOS', 0),
('412004', 'ELABORACION DE ACEITES Y GRASAS', 'INGRESOS', 0),
('412005', 'ELABORACION DE PRODUCTOS LACTEOS', 'INGRESOS', 0),
('412006', 'ELABORACION DE PRODUCTOS DE MOLINERIA', 'INGRESOS', 0),
('412007', 'ELABORACION DE ALMIDONES Y DERIVADOS', 'INGRESOS', 0),
('412008', 'ELABORACION DE ALIMENTOS PARA ANIMALES', 'INGRESOS', 0),
('412009', 'ELABORACION DE PRODUCTOS PARA PANADERIA', 'INGRESOS', 0),
('412010', 'ELABORACION DE AZUCAR Y MELAZAS', 'INGRESOS', 0),
('412011', 'ELABORACION DE CACAO, CHOCOLATE Y CONFITERIA', 'INGRESOS', 0),
('412012', 'ELABORACION DE PASTAS  Y PRODUCTOS FARINACEOS', 'INGRESOS', 0),
('412013', 'ELABORACION DE PRODUCTOS DE CAFE', 'INGRESOS', 0),
('412014', 'ELABORACION DE OTROS PRODUCTOS ALIMENTICIOS', 'INGRESOS', 0),
('412015', 'ELABORACION DE BEBIDAS ALCOHOLICAS Y ALCOHOL ETILICO', 'INGRESOS', 0),
('412016', 'ELABORACION DE VINOS', 'INGRESOS', 0),
('412017', 'ELABORACION DE BEBIDAS MALTEADAS Y DE MALTA', 'INGRESOS', 0),
('412018', 'ELABORACION DE BEBIDAS NO ALCOHOLICAS', 'INGRESOS', 0),
('412019', 'ELABORACION DE PRODUCTOS DE TABACO', 'INGRESOS', 0),
('412020', 'PREPARACION E HILATURA DE FIBRAS TEXTILES Y TEJEDURIA', 'INGRESOS', 0),
('412021', 'ACABADO DE PRODUCTOS TEXTILES', 'INGRESOS', 0),
('412022', 'ELABORACION DE ARTICULOS DE MATERIALES TEXTILES', 'INGRESOS', 0),
('412023', 'ELABORACION DE TAPICES Y ALFOMBRAS', 'INGRESOS', 0),
('412024', 'ELABORACION DE CUERDAS, CORDELES, BRAMANTES Y REDES', 'INGRESOS', 0),
('412025', 'ELABORACION DE OTROS PRODUCTOS TEXTILES', 'INGRESOS', 0),
('412026', 'ELABORACION DE TEJIDOS', 'INGRESOS', 0),
('412027', 'ELABORACION DE PRENDAS DE VESTIR', 'INGRESOS', 0),
('412028', 'PREPARACION, ADOBO Y TE?IDO DE PIELES', 'INGRESOS', 0),
('412029', 'CURTIDO, ADOBO O PREPARACION DE CUERO', 'INGRESOS', 0),
('412030', 'ELABORACION DE MALETAS, BOLSOS Y SIMILARES', 'INGRESOS', 0),
('412031', 'ELABORACION DE CALZADO', 'INGRESOS', 0),
('412032', 'PRODUCCION DE MADERA, ARTICULOS DE MADERA Y CORCHO', 'INGRESOS', 0),
('412033', 'ELABORACION DE PASTA Y PRODUCTOS DE MADERA, PAPEL Y CARTON', 'INGRESOS', 0),
('412034', 'EDICIONES Y PUBLICACIONES', 'INGRESOS', 0),
('412035', 'IMPRESION', 'INGRESOS', 0),
('412036', 'SERVICIOS RELACIONADOS CON LA EDICION Y LA IMPRESION', 'INGRESOS', 0),
('412037', 'REPRODUCCION DE GRABACIONES', 'INGRESOS', 0),
('412038', 'ELABORACION DE PRODUCTOS DE HORNO DE COQUE', 'INGRESOS', 0),
('412039', 'ELABORACION DE PRODUCTOS DE LA REFINACION DE PETROLEO', 'INGRESOS', 0),
('412040', 'ELABORACION DE SUSTANCIAS QUIMICAS BASICAS', 'INGRESOS', 0),
('412041', 'ELABORACION DE ABONOS Y COMPUESTOS DE NITROGENO', 'INGRESOS', 0),
('412042', 'ELABORACION DE PLASTICO Y CAUCHO SINTETICO', 'INGRESOS', 0),
('412043', 'ELABORACION DE PRODUCTOS QUIMICOS DE USO AGROPECUARIO', 'INGRESOS', 0),
('412044', 'ELABORACION DE PINTURAS, TINTAS Y MASILLAS', 'INGRESOS', 0),
('412045', 'ELABORACION DE PRODUCTOS FARMACEUTICOS Y BOTANICOS', 'INGRESOS', 0),
('412046', 'ELABORACION DE JABONES, DETERGENTES Y PREPARADOS DE TOCADOR', 'INGRESOS', 0),
('412047', 'ELABORACION DE OTROS PRODUCTOS QUIMICOS', 'INGRESOS', 0),
('412048', 'ELABORACION DE FIBRAS', 'INGRESOS', 0),
('412049', 'ELABORACION DE OTROS PRODUCTOS DE CAUCHO', 'INGRESOS', 0),
('412050', 'ELABORACION DE PRODUCTOS DE PLASTICO', 'INGRESOS', 0),
('412051', 'ELABORACION DE VIDRIO Y PRODUCTOS DE VIDRIO', 'INGRESOS', 0),
('412052', 'ELABORACION DE PRODUCTOS DE CERAMICA, LOZA, PIEDRA, ARCILLA Y PORCELANA', 'INGRESOS', 0),
('412053', 'ELABORACION DE CEMENTO, CAL Y YESO', 'INGRESOS', 0),
('412054', 'ELABORACION DE ARTICULOS DE HORMIGON, CEMENTO Y YESO', 'INGRESOS', 0),
('412055', 'CORTE, TALLADO Y ACABADO DE LA PIEDRA', 'INGRESOS', 0),
('412056', 'ELABORACION DE OTROS PRODUCTOS MINERALES NO METALICOS', 'INGRESOS', 0),
('412057', 'INDUSTRIAS BASICAS Y FUNDICION DE HIERRO Y ACERO', 'INGRESOS', 0),
('412058', 'PRODUCTOS PRIMARIOS DE METALES PRECIOSOS Y DE METALES NO FERROSOS', 'INGRESOS', 0),
('412059', 'FUNDICION DE METALES NO FERROSOS', 'INGRESOS', 0),
('412060', 'FABRICACION DE PRODUCTOS METALICOS PARA USO ESTRUCTURAL', 'INGRESOS', 0),
('412061', 'FORJA, PRENSADO, ESTAMPADO, LAMINADO DE METAL Y PULVIMETALURGIA', 'INGRESOS', 0),
('412062', 'REVESTIMIENTO DE METALES Y OBRAS DE INGENIERIA MECANICA', 'INGRESOS', 0),
('412063', 'FABRICACION DE ARTICULOS DE FERRETERIA', 'INGRESOS', 0),
('412064', 'ELABORACION DE OTROS PRODUCTOS DE METAL', 'INGRESOS', 0),
('412065', 'FABRICACION DE MAQUINARIA Y EQUIPO', 'INGRESOS', 0),
('412066', 'FABRICACION DE EQUIPOS DE ELEVACION Y MANIPULACION', 'INGRESOS', 0),
('412067', 'ELABORACION DE APARATOS DE USO DOMESTICO', 'INGRESOS', 0),
('412068', 'ELABORACION DE EQUIPO DE OFICINA', 'INGRESOS', 0),
('412069', 'ELABORACION DE PILAS Y BATERIAS PRIMARIAS', 'INGRESOS', 0),
('412070', 'ELABORACION DE EQUIPO DE ILUMINACION', 'INGRESOS', 0),
('412071', 'ELABORACION DE OTROS TIPOS DE EQUIPO ELECTRICO', 'INGRESOS', 0),
('412072', 'FABRICACION DE EQUIPOS DE RADIO, TELEVISION Y COMUNICACIONES', 'INGRESOS', 0),
('412073', 'FABRICACION DE APARATOS E INSTRUMENTOS MEDICOS', 'INGRESOS', 0),
('412074', 'FABRICACION DE INSTRUMENTOS DE MEDICION Y CONTROL', 'INGRESOS', 0),
('412075', 'FABRICACION DE INSTRUMENTOS DE OPTICA Y EQUIPO FOTOGRAFICO', 'INGRESOS', 0),
('412076', 'FABRICACION DE RELOJES', 'INGRESOS', 0),
('412077', 'FABRICACION DE VEHICULOS AUTOMOTORES', 'INGRESOS', 0),
('412078', 'FABRICACION DE CARROCERIAS PARA AUTOMOTORES', 'INGRESOS', 0),
('412079', 'FABRICACION DE PARTES PIEZAS Y ACCESORIOS PARA AUTOMOTORES', 'INGRESOS', 0),
('412080', 'FABRICACION Y REPARACION DE BUQUES Y OTRAS EMBARCACIONES', 'INGRESOS', 0),
('412081', 'FABRICACION DE LOCOMOTORAS Y MATERIAL RODANTE PARA FERROCARRILES', 'INGRESOS', 0),
('412082', 'FABRICACION DE AERONAVES', 'INGRESOS', 0),
('412083', 'FABRICACION DE MOTOCICLETAS', 'INGRESOS', 0),
('412084', 'FABRICACION DE BICICLETAS Y SILLAS DE RUEDAS', 'INGRESOS', 0),
('412085', 'FABRICACION DE OTROS TIPOS DE TRANSPORTE', 'INGRESOS', 0),
('412086', 'FABRICACION DE MUEBLES', 'INGRESOS', 0),
('412087', 'FABRICACION DE JOYAS Y ARTICULOS CONEXOS', 'INGRESOS', 0),
('412088', 'FABRICACION DE INSTRUMENTOS DE MUSICA', 'INGRESOS', 0),
('412089', 'FABRICACION DE ARTICULOS Y EQUIPO PARA DEPORTE', 'INGRESOS', 0),
('412090', 'FABRICACION DE JUEGOS Y JUGUETES', 'INGRESOS', 0),
('412091', 'RECICLAMIENTO DE DESPERDICIOS', 'INGRESOS', 0),
('412095', 'PRODUCTOS DE OTRAS INDUSTRIAS MANUFACTURERAS', 'INGRESOS', 0),
('412099', 'AJUSTES POR INFLACION', 'INGRESOS', 0),
('4125', 'SUMINISTRO DE ELECTRICIDAD, GAS Y AGUA', 'INGRESOS', 0),
('412505', 'GENERACION, CAPTACION Y DISTRIBUCION DE ENERGIA ELECTRICA', 'INGRESOS', 0),
('412510', 'FABRICACION DE GAS Y DISTRIBUCION DE COMBUSTIBLES GASEOSOS', 'INGRESOS', 0),
('412515', 'CAPTACION, DEPURACION Y DISTRIBUCION DE AGUA', 'INGRESOS', 0),
('412595', 'ACTIVIDADES CONEXAS', 'INGRESOS', 0),
('412599', 'AJUSTES POR INFLACION', 'INGRESOS', 0),
('4130', 'CONSTRUCCION', 'INGRESOS', 0),
('413005', 'PREPARACION DE TERRENOS', 'INGRESOS', 0),
('413010', 'CONSTRUCCION DE EDIFICIOS Y OBRAS DE INGENIERIA CIVIL', 'INGRESOS', 0),
('413015', 'ACONDICIONAMIENTO DE EDIFICIOS', 'INGRESOS', 0),
('413020', 'TERMINACION DE EDIFICACIONES', 'INGRESOS', 0),
('413025', 'ALQUILER DE EQUIPO CON OPERARIOS', 'INGRESOS', 0),
('413095', 'ACTIVIDADES CONEXAS', 'INGRESOS', 0),
('413099', 'AJUSTES POR INFLACION', 'INGRESOS', 0),
('4135', 'COMERCIO AL POR MAYOR Y AL POR MENOR', 'INGRESOS', 0),
('413502', 'VENTA DE VEHICULOS AUTOMOTORES', 'INGRESOS', 0),
('413504', 'MANTENIMIENTO, REPARACION Y LAVADO DE VEHICULOS AUTOMOTORES', 'INGRESOS', 0),
('413506', 'VENTA DE PARTES, PIEZAS Y ACCESORIOS DE VEHICULOS AUTOMOTORES', 'INGRESOS', 0),
('413508', 'VENTA DE COMBUSTIBLES SOLIDOS, LIQUIDOS, GASEOSOS', 'INGRESOS', 0),
('413510', 'VENTA DE LUBRICANTES, ADITIVOS, LLANTAS Y LUJOS PARA AUTOMOTORES', 'INGRESOS', 0),
('413512', 'VENTA A CAMBIO DE RETRIBUCION O POR CONTRATA', 'INGRESOS', 0),
('413514', 'VENTA DE INSUMOS, MATERIAS PRIMAS AGROPECUARIAS Y FLORES', 'INGRESOS', 0),
('413516', 'VENTA DE OTROS INSUMOS Y MATERIAS PRIMAS NO AGROPECUARIAS', 'INGRESOS', 0),
('413518', 'VENTA DE ANIMALES VIVOS Y CUEROS', 'INGRESOS', 0),
('413520', 'VENTA DE PRODUCTOS EN ALMACENES NO ESPECIALIZADOS', 'INGRESOS', 0),
('413522', 'VENTA DE PRODUCTOS AGROPECUARIOS', 'INGRESOS', 0),
('413524', 'VENTA DE PRODUCTOS TEXTILES, DE VESTIR, DE CUERO Y CALZADO', 'INGRESOS', 0),
('413526', 'VENTA DE PAPEL Y CARTON', 'INGRESOS', 0),
('413528', 'VENTA DE LIBROS, REVISTAS, ELEMENTOS DE PAPELERIA, UTILES Y TEXTOS ESCOLARES', 'INGRESOS', 0),
('413530', 'VENTA DE JUEGOS, JUGUETES Y ARTICULOS DEPORTIVOS', 'INGRESOS', 0),
('413532', 'VENTA DE INSTRUMENTOS QUIRURGICOS Y ORTOPEDICOS', 'INGRESOS', 0),
('413534', 'VENTA DE ARTICULOS EN RELOJERIAS Y JOYERIAS', 'INGRESOS', 0),
('413536', 'VENTA DE ELECTRODOMESTICOS Y MUEBLES', 'INGRESOS', 0),
('413538', 'VENTA DE PRODUCTOS DE ASEO, FARMACEUTICOS, MEDICINALES, Y ARTICULOS DE TOCADOR', 'INGRESOS', 0),
('413540', 'VENTA DE CUBIERTOS, VAJILLAS, CRISTALERIA, PORCELANAS, CERAMICAS Y OTROS ARTICULOS DE USO DOMESTICO', 'INGRESOS', 0),
('413542', 'VENTA DE MATERIALES DE CONSTRUCCION, FONTANERIA Y CALEFACCION', 'INGRESOS', 0),
('413544', 'VENTA DE PINTURAS Y LACAS', 'INGRESOS', 0),
('413546', 'VENTA DE PRODUCTOS DE VIDRIOS Y MARQUETERIA', 'INGRESOS', 0),
('413548', 'VENTA DE HERRAMIENTAS Y ARTICULOS DE FERRETERIA', 'INGRESOS', 0),
('413550', 'VENTA DE QUIMICOS', 'INGRESOS', 0),
('413552', 'VENTA DE PRODUCTOS INTERMEDIOS, DESPERDICIOS Y DESECHOS', 'INGRESOS', 0),
('413554', 'VENTA DE MAQUINARIA, EQUIPO DE OFICINA Y PROGRAMAS DE COMPUTADOR', 'INGRESOS', 0),
('413556', 'VENTA DE ARTICULOS EN CACHARRERIAS Y MISCELANEAS', 'INGRESOS', 0),
('413558', 'VENTA DE INSTRUMENTOS MUSICALES', 'INGRESOS', 0),
('413560', 'VENTA DE ARTICULOS EN CASAS DE EMPE?O Y PRENDERIAS', 'INGRESOS', 0),
('413562', 'VENTA DE EQUIPO FOTOGRAFICO', 'INGRESOS', 0),
('413564', 'VENTA DE EQUIPO OPTICO Y DE PRECISION', 'INGRESOS', 0),
('413566', 'VENTA DE EMPAQUES', 'INGRESOS', 0),
('413568', 'VENTA DE EQUIPO PROFESIONAL Y CIENTIFICO', 'INGRESOS', 0),
('413570', 'VENTA DE LOTERIAS, RIFAS, CHANCE, APUESTAS Y SIMILARES', 'INGRESOS', 0),
('413572', 'REPARACION DE EFECTOS PERSONALES Y ELECTRODOMESTICOS', 'INGRESOS', 0),
('413595', 'VENTA DE OTROS PRODUCTOS', 'INGRESOS', 0),
('413599', 'AJUSTES POR INFLACION', 'INGRESOS', 0),
('4140', 'HOTELES Y RESTAURANTES', 'INGRESOS', 0),
('414005', 'HOTELERIA', 'INGRESOS', 0),
('414010', 'CAMPAMENTO Y OTROS TIPOS DE HOSPEDAJE', 'INGRESOS', 0),
('414015', 'RESTAURANTES', 'INGRESOS', 0),
('414020', 'BARES Y CANTINAS', 'INGRESOS', 0),
('414095', 'ACTIVIDADES CONEXAS', 'INGRESOS', 0),
('414099', 'AJUSTES POR INFLACION', 'INGRESOS', 0),
('4145', 'TRANSPORTE, ALMACENAMIENTO Y COMUNICACIONES', 'INGRESOS', 0),
('414505', 'SERVICIO DE TRANSPORTE POR CARRETERA', 'INGRESOS', 0),
('414510', 'SERVICIO DE TRANSPORTE POR VIA FERREA', 'INGRESOS', 0),
('414515', 'SERVICIO DE TRANSPORTE POR VIA ACUATICA', 'INGRESOS', 0),
('414520', 'SERVICIO DE TRANSPORTE POR VIA AEREA', 'INGRESOS', 0),
('414525', 'SERVICIO DE TRANSPORTE POR TUBERIAS', 'INGRESOS', 0),
('414530', 'MANIPULACION DE CARGA', 'INGRESOS', 0),
('414535', 'ALMACENAMIENTO Y DEPOSITO', 'INGRESOS', 0),
('414540', 'SERVICIOS COMPLEMENTARIOS PARA EL TRANSPORTE', 'INGRESOS', 0),
('414545', 'AGENCIAS DE VIAJE', 'INGRESOS', 0),
('414550', 'OTRAS AGENCIAS DE TRANSPORTE', 'INGRESOS', 0),
('414555', 'SERVICIO POSTAL Y DE CORREO', 'INGRESOS', 0),
('414560', 'SERVICIO TELEFONICO', 'INGRESOS', 0),
('414565', 'SERVICIO DE TELEGRAFO', 'INGRESOS', 0),
('414570', 'SERVICIO DE TRANSMISION DE DATOS', 'INGRESOS', 0),
('414575', 'SERVICIO DE RADIO Y TELEVISION POR CABLE', 'INGRESOS', 0),
('414580', 'TRANSMISION DE SONIDO E IMAGENES POR CONTRATO', 'INGRESOS', 0),
('414595', 'ACTIVIDADES CONEXAS', 'INGRESOS', 0),
('414599', 'AJUSTES POR INFLACION', 'INGRESOS', 0),
('4150', 'ACTIVIDAD FINANCIERA', 'INGRESOS', 0),
('415005', 'VENTA DE INVERSIONES', 'INGRESOS', 0),
('415010', 'DIVIDENDOS DE SOCIEDADES ANONIMAS Y/O ASIMILADAS', 'INGRESOS', 0),
('415015', 'PARTICIPACIONES DE SOCIEDADES LIMITADAS Y/O ASIMILADAS', 'INGRESOS', 0),
('415020', 'INTERESES', 'INGRESOS', 0),
('415025', 'REAJUSTE MONETARIO - UPAC', 'INGRESOS', 0),
('415030', 'COMISIONES', 'INGRESOS', 0),
('415035', 'OPERACIONES DE DESCUENTO', 'INGRESOS', 0),
('415040', 'CUOTAS DE INSCRIPCION - CONSORCIOS', 'INGRESOS', 0),
('415045', 'CUOTAS DE ADMINISTRACION - CONSORCIOS', 'INGRESOS', 0),
('415050', 'REAJUSTE DEL SISTEMA - CONSORCIOS', 'INGRESOS', 0),
('415055', 'ELIMINACION DE SUSCRIPTORES - CONSORCIOS', 'INGRESOS', 0),
('415060', 'CUOTAS DE INGRESO O RETIRO - SOCIEDAD ADMINISTRADORA', 'INGRESOS', 0),
('415065', 'SERVICIOS A COMISIONISTAS', 'INGRESOS', 0),
('415070', 'INSCRIPCIONES Y CUOTAS', 'INGRESOS', 0),
('415075', 'RECUPERACION DE GARANTIAS', 'INGRESOS', 0),
('415095', 'ACTIVIDADES CONEXAS', 'INGRESOS', 0),
('415099', 'AJUSTES POR INFLACION', 'INGRESOS', 0),
('4155', 'ACTIVIDADES INMOBILIARIAS, EMPRESARIALES Y DE ALQUILER', 'INGRESOS', 0),
('415505', 'ARRENDAMIENTOS DE BIENES INMUEBLES', 'INGRESOS', 0),
('415510', 'INMOBILIARIAS POR RETRIBUCION O CONTRATA', 'INGRESOS', 0),
('415515', 'ALQUILER EQUIPO DE TRANSPORTE', 'INGRESOS', 0),
('415520', 'ALQUILER MAQUINARIA Y EQUIPO', 'INGRESOS', 0),
('415525', 'ALQUILER DE EFECTOS PERSONALES Y ENSERES DOMESTICOS', 'INGRESOS', 0),
('415530', 'CONSULTORIA EN EQUIPO Y PROGRAMAS DE INFORMATICA', 'INGRESOS', 0),
('415535', 'PROCESAMIENTO DE DATOS', 'INGRESOS', 0),
('415540', 'MANTENIMIENTO Y REPARACION DE MAQUINARIA DE OFICINA', 'INGRESOS', 0),
('415545', 'INVESTIGACIONES CIENTIFICAS Y DE DESARROLLO', 'INGRESOS', 0),
('415550', 'ACTIVIDADES EMPRESARIALES DE CONSULTORIA', 'INGRESOS', 0),
('415555', 'PUBLICIDAD', 'INGRESOS', 0),
('415560', 'DOTACION DE PERSONAL', 'INGRESOS', 0),
('415565', 'INVESTIGACION Y SEGURIDAD', 'INGRESOS', 0),
('415570', 'LIMPIEZA DE INMUEBLES', 'INGRESOS', 0),
('415575', 'FOTOGRAFIA', 'INGRESOS', 0),
('415580', 'ENVASE Y EMPAQUE', 'INGRESOS', 0),
('415585', 'FOTOCOPIADO', 'INGRESOS', 0),
('415590', 'MANTENIMIENTO Y REPARACION DE MAQUINARIA Y EQUIPO', 'INGRESOS', 0),
('415595', 'ACTIVIDADES CONEXAS', 'INGRESOS', 0),
('415599', 'AJUSTES POR INFLACION', 'INGRESOS', 0),
('4160', 'ENSE?ANZA', 'INGRESOS', 0),
('416005', 'ACTIVIDADES RELACIONADAS CON LA EDUCACION', 'INGRESOS', 0),
('416095', 'ACTIVIDADES CONEXAS', 'INGRESOS', 0),
('416099', 'AJUSTES POR INFLACION', 'INGRESOS', 0),
('4165', 'SERVICIOS SOCIALES Y DE SALUD', 'INGRESOS', 0),
('416505', 'SERVICIO HOSPITALARIO', 'INGRESOS', 0),
('416510', 'SERVICIO MEDICO', 'INGRESOS', 0),
('416515', 'SERVICIO ODONTOLOGICO', 'INGRESOS', 0),
('416520', 'SERVICIO DE LABORATORIO', 'INGRESOS', 0),
('416525', 'ACTIVIDADES VETERINARIAS', 'INGRESOS', 0),
('416530', 'ACTIVIDADES DE SERVICIOS SOCIALES', 'INGRESOS', 0),
('416595', 'ACTIVIDADES CONEXAS', 'INGRESOS', 0),
('416599', 'AJUSTES POR INFLACION', 'INGRESOS', 0),
('4170', 'OTRAS ACTIVIDADES DE SERVICIOS COMUNITARIOS, SOCIALES Y PERSONALES', 'INGRESOS', 0),
('417005', 'ELIMINACION DE DESPERDICIOS Y AGUAS RESIDUALES', 'INGRESOS', 0),
('417010', 'ACTIVIDADES DE ASOCIACION', 'INGRESOS', 0),
('417015', 'PRODUCCION Y DISTRIBUCION DE FILMES Y VIDEOCINTAS', 'INGRESOS', 0),
('417020', 'EXHIBICION DE FILMES Y VIDEOCINTAS', 'INGRESOS', 0),
('417025', 'ACTIVIDAD DE RADIO Y TELEVISION', 'INGRESOS', 0),
('417030', 'ACTIVIDAD TEATRAL, MUSICAL Y ARTISTICA', 'INGRESOS', 0),
('417035', 'GRABACION Y PRODUCCION DE DISCOS', 'INGRESOS', 0),
('417040', 'ENTRETENIMIENTO Y ESPARCIMIENTO', 'INGRESOS', 0),
('417045', 'AGENCIAS DE NOTICIAS', 'INGRESOS', 0),
('417050', 'LAVANDERIAS Y SIMILARES', 'INGRESOS', 0),
('417055', 'PELUQUERIAS Y SIMILARES', 'INGRESOS', 0),
('417060', 'SERVICIOS FUNERARIOS', 'INGRESOS', 0),
('417065', 'ZONAS FRANCAS', 'INGRESOS', 0),
('417095', 'ACTIVIDADES CONEXAS', 'INGRESOS', 0),
('417099', 'AJUSTES POR INFLACION', 'INGRESOS', 0),
('4175', 'DEVOLUCIONES, REBAJAS Y DESCUENTOS EN VENTAS (DB)', 'INGRESOS', 0),
('417599', 'AJUSTES POR INFLACION', 'INGRESOS', 0),
('42', 'NO OPERACIONALES', 'INGRESOS', 0),
('4205', 'OTRAS VENTAS', 'INGRESOS', 0),
('420505', 'MATERIA PRIMA', 'INGRESOS', 0),
('420510', 'MATERIAL DE DESECHO', 'INGRESOS', 0),
('420515', 'MATERIALES VARIOS', 'INGRESOS', 0),
('420520', 'PRODUCTOS DE DIVERSIFICACION', 'INGRESOS', 0),
('420525', 'EXCEDENTES DE EXPORTACION', 'INGRESOS', 0),
('420530', 'ENVASES Y EMPAQUES', 'INGRESOS', 0),
('420535', 'PRODUCTOS AGRICOLAS', 'INGRESOS', 0),
('420540', 'DE PROPAGANDA', 'INGRESOS', 0),
('420545', 'PRODUCTOS EN REMATE', 'INGRESOS', 0),
('420550', 'COMBUSTIBLES Y LUBRICANTES', 'INGRESOS', 0),
('420599', 'AJUSTES POR INFLACION', 'INGRESOS', 0),
('4210', 'FINANCIEROS', 'INGRESOS', 0),
('421005', 'INTERESES', 'INGRESOS', 0),
('421010', 'REAJUSTE MONETARIO - UPAC', 'INGRESOS', 0),
('421015', 'DESCUENTOS AMORTIZADOS', 'INGRESOS', 0),
('421020', 'DIFERENCIA EN CAMBIO', 'INGRESOS', 0),
('421025', 'FINANCIACION VEHICULOS', 'INGRESOS', 0),
('421030', 'FINANCIACION SISTEMAS DE VIAJES', 'INGRESOS', 0),
('421035', 'ACEPTACIONES BANCARIAS', 'INGRESOS', 0),
('421040', 'DESCUENTOS COMERCIALES CONDICIONADOS', 'INGRESOS', 0),
('421045', 'DESCUENTOS BANCARIOS', 'INGRESOS', 0),
('421050', 'COMISIONES CHEQUES DE OTRAS PLAZAS', 'INGRESOS', 0),
('421055', 'MULTAS Y RECARGOS', 'INGRESOS', 0),
('421060', 'SANCIONES CHEQUES DEVUELTOS', 'INGRESOS', 0),
('421095', 'OTROS', 'INGRESOS', 0),
('421099', 'AJUSTES POR INFLACION', 'INGRESOS', 0),
('4215', 'DIVIDENDOS Y PARTICIPACIONES', 'INGRESOS', 0),
('421505', 'DE SOCIEDADES ANONIMAS Y/O ASIMILADAS', 'INGRESOS', 0),
('421510', 'DE SOCIEDADES LIMITADAS Y/O ASIMILADAS', 'INGRESOS', 0),
('421599', 'AJUSTES POR INFLACION', 'INGRESOS', 0),
('4220', 'ARRENDAMIENTOS', 'INGRESOS', 0),
('422005', 'TERRENOS', 'INGRESOS', 0),
('422010', 'CONSTRUCCIONES Y EDIFICIOS', 'INGRESOS', 0),
('422015', 'MAQUINARIA Y EQUIPO', 'INGRESOS', 0),
('422020', 'EQUIPO DE OFICINA', 'INGRESOS', 0),
('422025', 'EQUIPO DE COMPUTACION Y COMUNICACION', 'INGRESOS', 0),
('422030', 'EQUIPO MEDICO - CIENTIFICO', 'INGRESOS', 0),
('422035', 'EQUIPO DE HOTELES Y RESTAURANTES', 'INGRESOS', 0),
('422040', 'FLOTA Y EQUIPO DE TRANSPORTE', 'INGRESOS', 0),
('422045', 'FLOTA Y EQUIPO FLUVIAL Y/O MARITIMO', 'INGRESOS', 0),
('422050', 'FLOTA Y EQUIPO AEREO', 'INGRESOS', 0),
('422055', 'FLOTA Y EQUIPO FERREO', 'INGRESOS', 0),
('422060', 'ACUEDUCTOS PLANTAS Y REDES', 'INGRESOS', 0),
('422062', 'ENVASES Y EMPAQUES', 'INGRESOS', 0),
('422065', 'PLANTACIONES AGRICOLAS  Y FORESTALES', 'INGRESOS', 0),
('422070', 'AERODROMOS', 'INGRESOS', 0),
('422075', 'SEMOVIENTES', 'INGRESOS', 0),
('422099', 'AJUSTES POR INFLACION', 'INGRESOS', 0),
('4225', 'COMISIONES', 'INGRESOS', 0),
('422505', 'SOBRE INVERSIONES', 'INGRESOS', 0),
('422510', 'DE CONCESIONARIOS', 'INGRESOS', 0),
('422515', 'DE ACTIVIDADES FINANCIERAS', 'INGRESOS', 0),
('422520', 'POR VENTA DE SERVICIOS DE TALLER', 'INGRESOS', 0),
('422525', 'POR VENTA DE SEGUROS', 'INGRESOS', 0),
('422530', 'POR INGRESOS PARA TERCEROS', 'INGRESOS', 0),
('422535', 'POR DISTRIBUCION DE PELICULAS', 'INGRESOS', 0),
('422540', 'DERECHOS DE AUTOR', 'INGRESOS', 0),
('422545', 'DERECHOS DE PROGRAMACION', 'INGRESOS', 0),
('422599', 'AJUSTES POR INFLACION', 'INGRESOS', 0),
('4230', 'HONORARIOS', 'INGRESOS', 0),
('423005', 'ASESORIAS', 'INGRESOS', 0),
('423010', 'ASISTENCIA TECNICA', 'INGRESOS', 0),
('423015', 'ADMINISTRACION DE VINCULADAS', 'INGRESOS', 0),
('423099', 'AJUSTES POR INFLACION', 'INGRESOS', 0),
('4235', 'SERVICIOS', 'INGRESOS', 0),
('423505', 'DE BASCULA', 'INGRESOS', 0),
('423510', 'DE TRANSPORTE', 'INGRESOS', 0),
('423515', 'DE PRENSA', 'INGRESOS', 0),
('423520', 'ADMINISTRATIVOS', 'INGRESOS', 0),
('423525', 'TECNICOS', 'INGRESOS', 0),
('423530', 'DE COMPUTACION', 'INGRESOS', 0),
('423535', 'DE TELEFAX', 'INGRESOS', 0),
('423540', 'TALLER DE VEHICULOS', 'INGRESOS', 0),
('423545', 'DE RECEPCION DE AERONAVES', 'INGRESOS', 0),
('423550', 'DE TRANSPORTE PROGRAMA GAS NATURAL', 'INGRESOS', 0),
('423555', 'POR CONTRATOS', 'INGRESOS', 0),
('423560', 'DE TRILLLA', 'INGRESOS', 0),
('423565', 'DE MANTENIMIENTO', 'INGRESOS', 0),
('423570', 'AL PERSONAL', 'INGRESOS', 0),
('423575', 'DE CASINO', 'INGRESOS', 0),
('423580', 'FLETES', 'INGRESOS', 0),
('423585', 'ENTRE COMPA?IAS', 'INGRESOS', 0),
('423595', 'OTROS', 'INGRESOS', 0),
('423599', 'AJUSTES POR INFLACION', 'INGRESOS', 0),
('4240', 'UTILIDAD EN VENTA DE INVERSIONES', 'INGRESOS', 0),
('424005', 'ACCIONES', 'INGRESOS', 0),
('424010', 'CUOTAS O PARTES DE INTERES SOCIAL', 'INGRESOS', 0),
('424015', 'BONOS', 'INGRESOS', 0),
('424020', 'CEDULAS', 'INGRESOS', 0),
('424025', 'CERTIFICADOS', 'INGRESOS', 0),
('424030', 'PAPELES COMERCIALES', 'INGRESOS', 0),
('424035', 'TITULOS', 'INGRESOS', 0),
('424045', 'DERECHOS FIDUCIARIOS', 'INGRESOS', 0),
('424050', 'OBLIGATORIAS', 'INGRESOS', 0),
('424095', 'OTRAS', 'INGRESOS', 0),
('424099', 'AJUSTES POR INFLACION', 'INGRESOS', 0),
('4245', 'UTILIDAD EN VENTA DE PROPIEDADES PLANTA Y EQUIPO', 'INGRESOS', 0),
('424504', 'TERRENOS', 'INGRESOS', 0),
('424506', 'MATERIALES INDUSTRIA PETROLERA', 'INGRESOS', 0),
('424508', 'CONSTRUCCIONES EN CURSO', 'INGRESOS', 0),
('424512', 'MAQUINARIA EN MONTAJE', 'INGRESOS', 0),
('424516', 'CONSTRUCCIONES Y EDIFICACIONES', 'INGRESOS', 0),
('424520', 'MAQUINARIA Y EQUIPO', 'INGRESOS', 0),
('424524', 'EQUIPO DE OFICINA', 'INGRESOS', 0),
('424528', 'EQUIPO DE COMPUTACION Y COMUNICACION', 'INGRESOS', 0),
('424532', 'EQUIPO MEDICO - CIENTIFICO', 'INGRESOS', 0),
('424536', 'EQUIPO DE HOTELES Y RESTAURANTES', 'INGRESOS', 0),
('424540', 'FLOTA Y EQUIPO DE TRANSPORTE', 'INGRESOS', 0),
('424544', 'FLOTA Y EQUIPO FLUVIAL Y/O MARITIMO', 'INGRESOS', 0),
('424548', 'FLOTA Y EQUIPO AEREO', 'INGRESOS', 0),
('424552', 'FLOTA Y EQUIPO FERREO', 'INGRESOS', 0),
('424556', 'ACUEDUCTOS PLANTAS Y REDES', 'INGRESOS', 0),
('424560', 'ARMAMENTO DE VIGILANCIA', 'INGRESOS', 0),
('424562', 'ENVASES Y EMPAQUES', 'INGRESOS', 0),
('424564', 'PLANTACIONES AGRICOLAS  Y FORESTALES', 'INGRESOS', 0),
('424568', 'VIAS DE COMUNICACION', 'INGRESOS', 0),
('424572', 'MINAS Y CANTERAS', 'INGRESOS', 0),
('424580', 'POZOS ARTESIANOS', 'INGRESOS', 0),
('424584', 'YACIMIENTOS', 'INGRESOS', 0),
('424588', 'SEMOVIENTES', 'INGRESOS', 0),
('424599', 'AJUSTES POR INFLACION', 'INGRESOS', 0),
('4248', 'UTILIDAD EN VENTA DE OTROS BIENES', 'INGRESOS', 0),
('424805', 'INTANGIBLES', 'INGRESOS', 0),
('424810', 'OTROS ACTIVOS', 'INGRESOS', 0),
('424899', 'AJUSTES POR INFLACION', 'INGRESOS', 0),
('4250', 'RECUPERACIONES', 'INGRESOS', 0),
('425005', 'DEUDAS MALAS', 'INGRESOS', 0),
('425010', 'SEGUROS', 'INGRESOS', 0),
('425015', 'RECLAMOS', 'INGRESOS', 0),
('425020', 'REINTEGRO POR PERSONAL EN COMISION', 'INGRESOS', 0),
('425025', 'REINTEGRO GARANTIAS', 'INGRESOS', 0),
('425030', 'DESCUENTOS CONCEDIDOS', 'INGRESOS', 0),
('425035', 'REINTEGRO PROVISIONES', 'INGRESOS', 0),
('425040', 'GASTOS BANCARIOS', 'INGRESOS', 0),
('425045', 'DE DEPRECIACION', 'INGRESOS', 0),
('425050', 'REINTEGRO DE OTROS COSTOS Y GASTOS', 'INGRESOS', 0),
('425099', 'AJUSTES POR INFLACION', 'INGRESOS', 0),
('4255', 'INDEMNIZACIONES', 'INGRESOS', 0),
('425505', 'POR SINIESTRO', 'INGRESOS', 0),
('425510', 'POR SUMINISTROS', 'INGRESOS', 0),
('425515', 'LUCRO CESANTE COMPA?IAS DE SEGUROS', 'INGRESOS', 0),
('425520', 'DA?O EMERGENTE COMPA?IAS DE SEGUROS', 'INGRESOS', 0),
('425525', 'POR PERDIDA DE MERCANCIA', 'INGRESOS', 0),
('425530', 'POR INCUMPLIMIENTO DE CONTRATOS', 'INGRESOS', 0),
('425535', 'DE TERCEROS', 'INGRESOS', 0),
('425540', 'POR INCAPACIDADES I.S.S.', 'INGRESOS', 0),
('425595', 'OTRAS', 'INGRESOS', 0),
('425599', 'AJUSTES POR INFLACION', 'INGRESOS', 0),
('4260', 'PARTICIPACIONES EN CONCESIONES', 'INGRESOS', 0),
('426099', 'AJUSTES POR INFLACION', 'INGRESOS', 0),
('4265', 'INGRESOS DE EJERCICIOS ANTERIORES', 'INGRESOS', 0),
('426599', 'AJUSTES POR INFLACION', 'INGRESOS', 0),
('4275', 'DEVOLUCIONES, REBAJAS Y DESCUENTOS EN OTRAS VENTAS (DB)', 'INGRESOS', 0),
('427599', 'AJUSTES POR INFLACION', 'INGRESOS', 0),
('4295', 'DIVERSOS', 'INGRESOS', 0),
('429503', 'CERT', 'INGRESOS', 0),
('429505', 'APROVECHAMIENTOS', 'INGRESOS', 0),
('429507', 'AUXILIOS', 'INGRESOS', 0),
('429509', 'DONACIONES', 'INGRESOS', 0),
('429511', 'INGRESOS POR INVESTIGACION Y DESARROLLO', 'INGRESOS', 0),
('429513', 'POR TRABAJOS EJECUTADOS', 'INGRESOS', 0),
('429515', 'REGALIAS', 'INGRESOS', 0),
('429517', 'DERIVADOS DE LAS EXPORTACIONES', 'INGRESOS', 0),
('429519', 'OTROS INGRESOS DE EXPLOTACION', 'INGRESOS', 0),
('429521', 'DE LA ACTIVIDAD GANADERA', 'INGRESOS', 0),
('429525', 'DERECHOS Y LICITACIONES', 'INGRESOS', 0),
('429530', 'INGRESOS POR ELEMENTOS PERDIDOS', 'INGRESOS', 0),
('429533', 'MULTAS Y RECARGOS', 'INGRESOS', 0),
('429535', 'PREAVISOS DESCONTADOS', 'INGRESOS', 0),
('429537', 'RECLAMOS', 'INGRESOS', 0),
('429540', 'RECOBRO DE DA?OS', 'INGRESOS', 0),
('429543', 'PREMIOS', 'INGRESOS', 0),
('429545', 'BONIFICACIONES', 'INGRESOS', 0),
('429547', 'PRODUCTOS DESCONTADOS', 'INGRESOS', 0),
('429549', 'RECONOCIMIENTOS I.S.S.', 'INGRESOS', 0),
('429551', 'EXCEDENTES', 'INGRESOS', 0),
('429553', 'SOBRANTES DE CAJA MENOR', 'INGRESOS', 0),
('429555', 'SOBRANTES EN LIQUIDACION FLETES', 'INGRESOS', 0),
('429557', 'SUBSIDIOS ESTATALES', 'INGRESOS', 0),
('429559', 'CAPACITACION DISTRIBUIDORES', 'INGRESOS', 0),
('429561', 'DE ESCRITURACION', 'INGRESOS', 0),
('429563', 'REGISTRO PROMESAS DE VENTA', 'INGRESOS', 0),
('429567', 'UTILES, PAPELERIA Y FOTOCOPIAS', 'INGRESOS', 0),
('429571', 'RESULTADOS MATRICULAS Y TRASPASOS', 'INGRESOS', 0),
('429573', 'DECORACIONES', 'INGRESOS', 0),
('429575', 'MANEJO DE CARGA', 'INGRESOS', 0),
('429579', 'HISTORIA CLINICA', 'INGRESOS', 0),
('429581', 'AJUSTE AL PESO', 'INGRESOS', 0),
('429583', 'LLAMADAS TELEFONICAS', 'INGRESOS', 0),
('429599', 'AJUSTES POR INFLACION', 'INGRESOS', 0),
('47', 'AJUSTES POR INFLACION', 'INGRESOS', 0),
('4705', 'CORRECCION MONETARIA', 'INGRESOS', 0),
('470505', 'INVERSIONES (CR)', 'INGRESOS', 0),
('470510', 'INVENTARIOS (CR)', 'INGRESOS', 0),
('470515', 'PROPIEDADES, PLANTA Y EQUIPO (CR)', 'INGRESOS', 0),
('470520', 'INTANGIBLES (CR)', 'INGRESOS', 0),
('470525', 'ACTIVOS DIFERIDOS', 'INGRESOS', 0),
('470530', 'OTROS ACTIVOS (CR)', 'INGRESOS', 0),
('470535', 'PASIVOS SUJETOS DE AJUSTE', 'INGRESOS', 0),
('470540', 'PATRIMONIO', 'INGRESOS', 0),
('470545', 'DEPRECIACION ACUMULADA (DB)', 'INGRESOS', 0),
('470550', 'DEPRECIACION DIFERIDA (CR)', 'INGRESOS', 0),
('470555', 'AGOTAMIENTO ACUMULADO (DB)', 'INGRESOS', 0),
('470560', 'AMORTIZACION ACUMULADA (DB)', 'INGRESOS', 0),
('470565', 'INGRESOS OPERACIONALES (DB)', 'INGRESOS', 0),
('470570', 'INGRESOS NO OPERACIONALES (DB)', 'INGRESOS', 0),
('470575', 'GASTOS OPERACIONALES DE ADMINISTRACION (CR)', 'INGRESOS', 0),
('470580', 'GASTOS OPERACIONALES DE VENTAS (CR)', 'INGRESOS', 0),
('470585', 'GASTOS NO OPERACIONALES (CR)', 'INGRESOS', 0),
('470590', 'COMPRAS (CR)', 'INGRESOS', 0),
('470592', 'COSTO DE VENTAS (CR)', 'INGRESOS', 0),
('470594', 'COSTOS DE PRODUCCION O DE OPERACION (DB)', 'INGRESOS', 0),
('5', 'GASTOS', 'GASTOS', 0),
('51', 'OPERACIONALES DE ADMINISTRACION', 'GASTOS', 0),
('5105', 'GASTOS DE PERSONAL', 'GASTOS', 0),
('510503', 'SALARIO INTEGRAL', 'GASTOS', 0),
('510506', 'SUELDOS', 'GASTOS', 0),
('510512', 'JORNALES', 'GASTOS', 0),
('510515', 'HORAS EXTRAS Y RECARGOS', 'GASTOS', 0),
('510518', 'COMISIONES', 'GASTOS', 0),
('510521', 'VIATICOS', 'GASTOS', 0),
('510524', 'INCAPACIDADES', 'GASTOS', 0),
('510527', 'AUXILIO DE TRANSPORTE', 'GASTOS', 0),
('510530', 'CESANTIAS', 'GASTOS', 0),
('510533', 'INTERESES SOBRE CESANTIAS', 'GASTOS', 0),
('510536', 'PRIMA DE SERVICIOS', 'GASTOS', 0),
('510539', 'VACACIONES', 'GASTOS', 0),
('510542', 'PRIMAS EXTRALEGALES', 'GASTOS', 0),
('510545', 'AUXILIOS', 'GASTOS', 0),
('510548', 'BONIFICACIONES', 'GASTOS', 0),
('510551', 'DOTACION Y SUMINISTRO A TRABAJADORES', 'GASTOS', 0),
('510554', 'SEGUROS', 'GASTOS', 0),
('510557', 'CUOTAS PARTES PENSIONES DE JUBILACION', 'GASTOS', 0),
('510558', 'AMORTIZACION CALCULO ACTUARIAL PENSIONES DE JUBILACION', 'GASTOS', 0),
('510559', 'PENSIONES DE JUBILACION', 'GASTOS', 0),
('510560', 'INDEMNIZACIONES LABORALES', 'GASTOS', 0),
('510563', 'CAPACITACION AL PERSONAL', 'GASTOS', 0),
('510566', 'GASTOS DEPORTIVOS Y DE RECREACION', 'GASTOS', 0),
('510569', 'APORTES AL I.S.S', 'GASTOS', 0),
('510572', 'APORTES CAJAS DE COMPENSACION FAMILIAR', 'GASTOS', 0),
('510575', 'APORTES I.C.B.F.', 'GASTOS', 0),
('510578', 'SENA', 'GASTOS', 0),
('510581', 'APORTES SINDICALES', 'GASTOS', 0),
('510584', 'GASTOS MEDICOS Y DROGAS', 'GASTOS', 0),
('510595', 'OTROS', 'GASTOS', 0),
('510599', 'AJUSTES POR INFLACION', 'GASTOS', 0),
('5110', 'HONORARIOS', 'GASTOS', 0),
('511005', 'JUNTA DIRECTIVA', 'GASTOS', 0),
('511010', 'REVISORIA FISCAL', 'GASTOS', 0),
('511015', 'AUDITORIA EXTERNA', 'GASTOS', 0),
('511020', 'AVALUOS', 'GASTOS', 0),
('511025', 'ASESORIA JURIDICA', 'GASTOS', 0),
('511030', 'ASESORIA FINANCIERA', 'GASTOS', 0),
('511035', 'ASESORIA TECNICA', 'GASTOS', 0),
('511095', 'OTROS', 'GASTOS', 0),
('511099', 'AJUSTES POR INFLACION', 'GASTOS', 0),
('5115', 'IMPUESTOS', 'GASTOS', 0),
('511505', 'INDUSTRIA Y COMERCIO', 'GASTOS', 0),
('511510', 'DE TIMBRES', 'GASTOS', 0),
('511515', 'A LA PROPIEDAD RAIZ', 'GASTOS', 0),
('511520', 'DERECHOS SOBRE INSTRUMENTOS PUBLICOS', 'GASTOS', 0),
('511525', 'DE VALORIZACION', 'GASTOS', 0),
('511530', 'DE TURISMO', 'GASTOS', 0),
('511535', 'TASA POR UTILIZACION DE PUERTOS', 'GASTOS', 0),
('511540', 'DE VEHICULOS', 'GASTOS', 0),
('511545', 'DE ESPECTACULOS PUBLICOS', 'GASTOS', 0),
('511550', 'CUOTAS DE FOMENTO', 'GASTOS', 0),
('511570', 'IVA DESCONTABLE', 'GASTOS', 0),
('511595', 'OTROS', 'GASTOS', 0),
('511599', 'AJUSTES POR INFLACION', 'GASTOS', 0),
('5120', 'ARRENDAMIENTOS', 'GASTOS', 0),
('512005', 'TERRENOS', 'GASTOS', 0),
('512010', 'CONSTRUCCIONES Y EDIFICACIONES', 'GASTOS', 0),
('512015', 'MAQUINARIA Y EQUIPO', 'GASTOS', 0),
('512020', 'EQUIPO DE OFICINA', 'GASTOS', 0),
('512025', 'EQUIPO DE COMPUTACION Y COMUNICACION', 'GASTOS', 0),
('512030', 'EQUIPO MEDICO - CIENTIFICO', 'GASTOS', 0),
('512035', 'EQUIPO DE HOTELES Y RESTAURANTES', 'GASTOS', 0),
('512040', 'FLOTA Y EQUIPO DE TRANSPORTE', 'GASTOS', 0),
('512045', 'FLOTA Y EQUIPO FLUVIAL Y/O MARITIMO', 'GASTOS', 0),
('512050', 'FLOTA Y EQUIPO AEREO', 'GASTOS', 0),
('512055', 'FLOTA Y EQUIPO FERREO', 'GASTOS', 0),
('512060', 'ACUEDUCTOS PLANTAS Y REDES', 'GASTOS', 0),
('512065', 'AERODROMOS', 'GASTOS', 0),
('512070', 'SEMOVIENTES', 'GASTOS', 0),
('512095', 'OTROS', 'GASTOS', 0),
('512099', 'AJUSTES POR INFLACION', 'GASTOS', 0),
('5125', 'CONTRIBUCIONES Y AFILIACIONES', 'GASTOS', 0),
('512505', 'CONTRIBUCIONES', 'GASTOS', 0),
('512510', 'AFILIACIONES Y SOSTENIMIENTO', 'GASTOS', 0),
('512599', 'AJUSTES POR INFLACION', 'GASTOS', 0),
('5130', 'SEGUROS', 'GASTOS', 0),
('513005', 'MANEJO', 'GASTOS', 0),
('513010', 'CUMPLIMIENTO', 'GASTOS', 0),
('513015', 'CORRIENTE DEBIL', 'GASTOS', 0),
('513020', 'VIDA COLECTIVA', 'GASTOS', 0),
('513025', 'INCENDIO', 'GASTOS', 0),
('513030', 'TERREMOTO', 'GASTOS', 0),
('513035', 'SUSTRACCION Y HURTO', 'GASTOS', 0),
('513040', 'FLOTA Y EQUIPO DE TRANSPORTE', 'GASTOS', 0),
('513045', 'FLOTA Y EQUIPO FLUVIAL Y/O MARITIMO', 'GASTOS', 0),
('513050', 'FLOTA Y EQUIPO AEREO', 'GASTOS', 0),
('513055', 'FLOTA Y EQUIPO FERREO', 'GASTOS', 0),
('513060', 'RESPONSABILIDAD CIVIL Y EXTRACONTRACTUAL', 'GASTOS', 0),
('513065', 'VUELO', 'GASTOS', 0),
('513070', 'ROTURA DE MAQUINARIA', 'GASTOS', 0),
('513075', 'OBLIGATORIO ACCIDENTE DE TRANSITO', 'GASTOS', 0),
('513080', 'LUCRO CESANTE', 'GASTOS', 0),
('513095', 'OTROS', 'GASTOS', 0),
('513099', 'AJUSTES POR INFLACION', 'GASTOS', 0),
('5135', 'SERVICIOS', 'GASTOS', 0),
('513505', 'ASEO Y VIGILANCIA', 'GASTOS', 0),
('513510', 'TEMPORALES', 'GASTOS', 0),
('513515', 'ASISTENCIA TECNICA', 'GASTOS', 0),
('513520', 'PROCESAMIENTO ELECTRONICO DE DATOS', 'GASTOS', 0),
('513525', 'ACUEDUCTO Y ALCANTARILLADO', 'GASTOS', 0),
('513530', 'ENERGIA ELECTRICA', 'GASTOS', 0),
('513535', 'TELEFONO', 'GASTOS', 0),
('513540', 'CORREO, PORTES Y TELEGRAMAS', 'GASTOS', 0),
('513545', 'FAX Y TELEX', 'GASTOS', 0),
('513550', 'TRANSPORTE, FLETES Y ACARREOS', 'GASTOS', 0),
('513555', 'GAS', 'GASTOS', 0),
('513595', 'OTROS', 'GASTOS', 0),
('513599', 'AJUSTES POR INFLACION', 'GASTOS', 0),
('5140', 'GASTOS LEGALES', 'GASTOS', 0),
('514005', 'NOTARIALES', 'GASTOS', 0),
('514010', 'REGISTRO MERCANTIL', 'GASTOS', 0),
('514015', 'TRAMITES Y LICENCIAS', 'GASTOS', 0),
('514020', 'ADUANEROS', 'GASTOS', 0),
('514025', 'CONSULARES', 'GASTOS', 0),
('514095', 'OTROS', 'GASTOS', 0),
('514099', 'AJUSTES POR INFLACION', 'GASTOS', 0),
('5145', 'MANTENIMIENTO Y REPARACIONES', 'GASTOS', 0),
('514505', 'TERRENOS', 'GASTOS', 0),
('514510', 'CONSTRUCCIONES Y EDIFICACIONES', 'GASTOS', 0),
('514515', 'MAQUINARIA Y EQUIPO', 'GASTOS', 0),
('514520', 'EQUIPO DE OFICINA', 'GASTOS', 0),
('514525', 'EQUIPO DE COMPUTACION Y COMUNICACION', 'GASTOS', 0),
('514530', 'EQUIPO MEDICO-CIENTIFICO', 'GASTOS', 0),
('514535', 'EQUIPO DE HOTELES Y RESTAURANTES', 'GASTOS', 0),
('514540', 'FLOTA Y EQUIPO DE TRANSPORTE', 'GASTOS', 0),
('514545', 'FLOTA Y EQUIPO FLUVIAL Y/O MARITIMO', 'GASTOS', 0),
('514550', 'FLOTA Y EQUIPO AEREO', 'GASTOS', 0),
('514555', 'FLOTA Y EQUIPO FERREO', 'GASTOS', 0),
('514560', 'ACUEDUCTOS PLANTAS Y REDES', 'GASTOS', 0),
('514565', 'ARMAMENTO DE VIGILANCIA', 'GASTOS', 0),
('514570', 'VIAS DE COMUNICACION', 'GASTOS', 0),
('514599', 'AJUSTES POR INFLACION', 'GASTOS', 0),
('5150', 'ADECUACION E INSTALACION', 'GASTOS', 0),
('515005', 'INSTALACIONES ELECTRICAS', 'GASTOS', 0),
('515010', 'ARREGLOS ORNAMENTALES', 'GASTOS', 0),
('515015', 'REPARACIONES LOCATIVAS', 'GASTOS', 0),
('515095', 'OTROS', 'GASTOS', 0),
('515099', 'AJUSTES POR INFLACION', 'GASTOS', 0),
('5155', 'GASTOS DE VIAJE', 'GASTOS', 0),
('515505', 'ALOJAMIENTO Y MANUTENCION', 'GASTOS', 0),
('515510', 'PASAJES FLUVIALES Y/O MARITIMOS', 'GASTOS', 0),
('515515', 'PASAJES AEREOS', 'GASTOS', 0),
('515520', 'PASAJES TERRESTRES', 'GASTOS', 0),
('515525', 'PASAJES FERREOS', 'GASTOS', 0),
('515595', 'OTROS', 'GASTOS', 0),
('515599', 'AJUSTES POR INFLACION', 'GASTOS', 0),
('5160', 'DEPRECIACIONES', 'GASTOS', 0),
('516005', 'CONSTRUCCIONES Y EDIFICACIONES', 'GASTOS', 0),
('516010', 'MAQUINARIA Y EQUIPO', 'GASTOS', 0),
('516015', 'EQUIPO DE OFICINA', 'GASTOS', 0),
('516020', 'EQUIPO DE COMPUTACION Y COMUNICACION', 'GASTOS', 0),
('516025', 'EQUIPO MEDICO - CIENTIFICO', 'GASTOS', 0),
('516030', 'EQUIPO DE HOTELES Y RESTAURANTES', 'GASTOS', 0),
('516035', 'FLOTA Y EQUIPO DE TRANSPORTE', 'GASTOS', 0),
('516040', 'FLOTA Y EQUIPO FLUVIAL Y/O MARITIMO', 'GASTOS', 0),
('516045', 'FLOTA Y EQUIPO AEREO', 'GASTOS', 0),
('516050', 'FLOTA Y EQUIPO FERREO', 'GASTOS', 0),
('516055', 'ACUEDUCTOS, PLANTAS Y REDES', 'GASTOS', 0),
('516060', 'ARMAMENTO DE VIGILANCIA', 'GASTOS', 0),
('516099', 'AJUSTES POR INFLACION', 'GASTOS', 0),
('5165', 'AMORTIZACIONES', 'GASTOS', 0),
('516505', 'VIAS DE COMUNICACION', 'GASTOS', 0),
('516510', 'INTANGIBLES', 'GASTOS', 0),
('516515', 'CARGOS DIFERIDOS', 'GASTOS', 0),
('516595', 'OTRAS', 'GASTOS', 0),
('516599', 'AJUSTES POR INFLACION', 'GASTOS', 0),
('5195', 'DIVERSOS', 'GASTOS', 0),
('519505', 'COMISIONES', 'GASTOS', 0),
('519510', 'LIBROS, SUSCRIPCIONES, PERIODICOS Y REVISTAS', 'GASTOS', 0),
('519515', 'MUSICA AMBIENTAL', 'GASTOS', 0),
('519520', 'GASTOS DE REPRESENTACION Y RELACIONES PUBLICAS', 'GASTOS', 0),
('519525', 'ELEMENTOS DE ASEO Y CAFETERIA', 'GASTOS', 0),
('519530', 'UTILES, PAPELERIA Y FOTOCOPIAS', 'GASTOS', 0),
('519535', 'COMBUSTIBLES Y LUBRICANTES', 'GASTOS', 0),
('519540', 'ENVASES Y EMPAQUES', 'GASTOS', 0),
('519545', 'TAXIS Y BUSES', 'GASTOS', 0),
('519550', 'ESTAMPILLAS', 'GASTOS', 0),
('519555', 'MICROFILMACION', 'GASTOS', 0),
('519560', 'CASINO Y RESTAURANTE', 'GASTOS', 0),
('519565', 'PARQUEADEROS', 'GASTOS', 0),
('519570', 'INDEMNIZACION POR DA?OS A TERCEROS', 'GASTOS', 0),
('519575', 'POLVORA Y SIMILARES', 'GASTOS', 0),
('519595', 'OTROS', 'GASTOS', 0),
('519599', 'AJUSTES POR INFLACION', 'GASTOS', 0),
('5199', 'PROVISIONES', 'GASTOS', 0),
('519905', 'INVERSIONES', 'GASTOS', 0),
('519910', 'DEUDORES', 'GASTOS', 0),
('519915', 'PROPIEDADES, PLANTA Y EQUIPO', 'GASTOS', 0),
('519995', 'OTROS ACTIVOS', 'GASTOS', 0),
('519999', 'AJUSTES POR INFLACION', 'GASTOS', 0),
('52', 'OPERACIONALES DE VENTAS', 'GASTOS', 0),
('5205', 'GASTOS DE PERSONAL', 'GASTOS', 0),
('520503', 'SALARIO INTEGRAL', 'GASTOS', 0),
('520506', 'SUELDOS', 'GASTOS', 0),
('520512', 'JORNALES', 'GASTOS', 0),
('520515', 'HORAS EXTRAS Y RECARGOS', 'GASTOS', 0),
('520518', 'COMISIONES', 'GASTOS', 0),
('520521', 'VIATICOS', 'GASTOS', 0),
('520524', 'INCAPACIDADES', 'GASTOS', 0),
('520527', 'AUXILIO DE TRANSPORTE', 'GASTOS', 0),
('520530', 'CESANTIAS', 'GASTOS', 0),
('520533', 'INTERESES SOBRE CESANTIAS', 'GASTOS', 0),
('520536', 'PRIMA DE SERVICIOS', 'GASTOS', 0),
('520539', 'VACACIONES', 'GASTOS', 0),
('520542', 'PRIMAS EXTRALEGALES', 'GASTOS', 0),
('520545', 'AUXILIOS', 'GASTOS', 0),
('520548', 'BONIFICACIONES', 'GASTOS', 0),
('520551', 'DOTACION Y SUMINISTRO A TRABAJADORES', 'GASTOS', 0),
('520554', 'SEGUROS', 'GASTOS', 0),
('520557', 'CUOTAS PARTES PENSIONES DE JUBILACION', 'GASTOS', 0),
('520558', 'AMORTIZACION CALCULO ACTUARIAL PENSIONES DE JUBILACION', 'GASTOS', 0),
('520559', 'PENSIONES DE JUBILACION', 'GASTOS', 0),
('520560', 'INDEMNIZACIONES LABORALES', 'GASTOS', 0),
('520563', 'CAPACITACION AL PERSONAL', 'GASTOS', 0),
('520566', 'GASTOS DEPORTIVOS Y DE RECREACION', 'GASTOS', 0),
('520569', 'APORTES AL I.S.S', 'GASTOS', 0),
('520572', 'APORTES CAJAS DE COMPENSACION FAMILIAR', 'GASTOS', 0),
('520575', 'APORTES I.C.B.F.', 'GASTOS', 0),
('520578', 'SENA', 'GASTOS', 0),
('520581', 'APORTES SINDICALES', 'GASTOS', 0),
('520584', 'GASTOS MEDICOS Y DROGAS', 'GASTOS', 0),
('520595', 'OTROS', 'GASTOS', 0),
('520599', 'AJUSTES POR INFLACION', 'GASTOS', 0),
('5210', 'HONORARIOS', 'GASTOS', 0),
('521005', 'JUNTA DIRECTIVA', 'GASTOS', 0),
('521010', 'REVISORIA FISCAL', 'GASTOS', 0),
('521015', 'AUDITORIA EXTERNA', 'GASTOS', 0),
('521020', 'AVALUOS', 'GASTOS', 0),
('521025', 'ASESORIA JURIDICA', 'GASTOS', 0),
('521030', 'ASESORIA FINANCIERA', 'GASTOS', 0),
('521035', 'ASESORIA TECNICA', 'GASTOS', 0),
('521095', 'OTROS', 'GASTOS', 0),
('521099', 'AJUSTES POR INFLACION', 'GASTOS', 0),
('5215', 'IMPUESTOS', 'GASTOS', 0),
('521505', 'INDUSTRIA Y COMERCIO', 'GASTOS', 0),
('521510', 'DE TIMBRES', 'GASTOS', 0),
('521515', 'A LA PROPIEDAD RAIZ', 'GASTOS', 0),
('521520', 'DERECHOS SOBRE INSTRUMENTOS PUBLICOS', 'GASTOS', 0),
('521525', 'DE VALORIZACION', 'GASTOS', 0),
('521530', 'DE TURISMO', 'GASTOS', 0),
('521535', 'TASA POR UTILIZACION DE PUERTOS', 'GASTOS', 0),
('521540', 'DE VEHICULOS', 'GASTOS', 0),
('521545', 'DE ESPECTACULOS PUBLICOS', 'GASTOS', 0),
('521550', 'CUOTAS DE FOMENTO', 'GASTOS', 0),
('521555', 'LICORES', 'GASTOS', 0),
('521560', 'CERVEZAS', 'GASTOS', 0),
('521565', 'CIGARRILLOS', 'GASTOS', 0),
('521570', 'IVA DESCONTABLE', 'GASTOS', 0),
('521595', 'OTROS', 'GASTOS', 0),
('521599', 'AJUSTES POR INFLACION', 'GASTOS', 0),
('5220', 'ARRENDAMIENTOS', 'GASTOS', 0),
('522005', 'TERRENOS', 'GASTOS', 0),
('522010', 'CONSTRUCCIONES Y EDIFICACIONES', 'GASTOS', 0),
('522015', 'MAQUINARIA Y EQUIPO', 'GASTOS', 0),
('522020', 'EQUIPO DE OFICINA', 'GASTOS', 0),
('522025', 'EQUIPO DE COMPUTACION Y COMUNICACION', 'GASTOS', 0),
('522030', 'EQUIPO MEDICO - CIENTIFICO', 'GASTOS', 0),
('522035', 'EQUIPO DE HOTELES Y RESTAURANTES', 'GASTOS', 0),
('522040', 'FLOTA Y EQUIPO DE TRANSPORTE', 'GASTOS', 0),
('522045', 'FLOTA Y EQUIPO FLUVIAL Y/O MARITIMO', 'GASTOS', 0),
('522050', 'FLOTA Y EQUIPO AEREO', 'GASTOS', 0),
('522055', 'FLOTA Y EQUIPO FERREO', 'GASTOS', 0),
('522060', 'ACUEDUCTOS PLANTAS Y REDES', 'GASTOS', 0),
('522065', 'AERODROMOS', 'GASTOS', 0),
('522070', 'SEMOVIENTES', 'GASTOS', 0),
('522095', 'OTROS', 'GASTOS', 0),
('522099', 'AJUSTES POR INFLACION', 'GASTOS', 0),
('5225', 'CONTRIBUCIONES Y AFILIACIONES', 'GASTOS', 0),
('522505', 'CONTRIBUCIONES', 'GASTOS', 0),
('522510', 'AFILIACIONES Y SOSTENIMIENTO', 'GASTOS', 0),
('522599', 'AJUSTES POR INFLACION', 'GASTOS', 0),
('5230', 'SEGUROS', 'GASTOS', 0),
('523005', 'MANEJO', 'GASTOS', 0),
('523010', 'CUMPLIMIENTO', 'GASTOS', 0),
('523015', 'CORRIENTE DEBIL', 'GASTOS', 0),
('523020', 'VIDA COLECTIVA', 'GASTOS', 0),
('523025', 'INCENDIO', 'GASTOS', 0),
('523030', 'TERREMOTO', 'GASTOS', 0),
('523035', 'SUSTRACCION Y HURTO', 'GASTOS', 0),
('523040', 'FLOTA Y EQUIPO DE TRANSPORTE', 'GASTOS', 0),
('523045', 'FLOTA Y EQUIPO FLUVIAL Y/O MARITIMO', 'GASTOS', 0),
('523050', 'FLOTA Y EQUIPO AEREO', 'GASTOS', 0),
('523055', 'FLOTA Y EQUIPO FERREO', 'GASTOS', 0),
('523060', 'RESPONSABILIDAD CIVIL Y EXTRACONTRACTUAL', 'GASTOS', 0),
('523065', 'VUELO', 'GASTOS', 0),
('523070', 'ROTURA DE MAQUINARIA', 'GASTOS', 0),
('523075', 'OBLIGATORIO ACCIDENTE DE TRANSITO', 'GASTOS', 0),
('523080', 'LUCRO CESANTE', 'GASTOS', 0),
('523095', 'OTROS', 'GASTOS', 0),
('523099', 'AJUSTES POR INFLACION', 'GASTOS', 0),
('5235', 'SERVICIOS', 'GASTOS', 0),
('523505', 'ASEO Y VIGILANCIA', 'GASTOS', 0),
('523510', 'TEMPORALES', 'GASTOS', 0),
('523515', 'ASISTENCIA TECNICA', 'GASTOS', 0),
('523520', 'PROCESAMIENTO ELECTRONICO DE DATOS', 'GASTOS', 0),
('523525', 'ACUEDUCTO Y ALCANTARILLADO', 'GASTOS', 0),
('523530', 'ENERGIA ELECTRICA', 'GASTOS', 0),
('523535', 'TELEFONO', 'GASTOS', 0),
('523540', 'CORREO, PORTES Y TELEGRAMAS', 'GASTOS', 0),
('523545', 'FAX Y TELEX', 'GASTOS', 0),
('523550', 'TRANSPORTE, FLETES Y ACARREOS', 'GASTOS', 0),
('523555', 'GAS', 'GASTOS', 0),
('523560', 'PROPAGANDA Y PUBLICIDAD', 'GASTOS', 0),
('523595', 'OTROS', 'GASTOS', 0),
('523599', 'AJUSTES POR INFLACION', 'GASTOS', 0),
('5240', 'GASTOS LEGALES', 'GASTOS', 0),
('524005', 'NOTARIALES', 'GASTOS', 0),
('524010', 'REGISTRO MERCANTIL', 'GASTOS', 0),
('524015', 'TRAMITES Y LICENCIAS', 'GASTOS', 0),
('524020', 'ADUANEROS', 'GASTOS', 0),
('524025', 'CONSULARES', 'GASTOS', 0),
('524095', 'OTROS', 'GASTOS', 0),
('524099', 'AJUSTES POR INFLACION', 'GASTOS', 0),
('5245', 'MANTENIMIENTO Y REPARACIONES', 'GASTOS', 0),
('524505', 'TERRENOS', 'GASTOS', 0),
('524510', 'CONSTRUCCIONES Y EDIFICACIONES', 'GASTOS', 0),
('524515', 'MAQUINARIA Y EQUIPO', 'GASTOS', 0),
('524520', 'EQUIPO DE OFICINA', 'GASTOS', 0),
('524525', 'EQUIPO DE COMPUTACION Y COMUNICACION', 'GASTOS', 0),
('524530', 'EQUIPO MEDICO - CIENTIFICO', 'GASTOS', 0),
('524535', 'EQUIPO DE HOTELES Y RESTAURANTES', 'GASTOS', 0),
('524540', 'FLOTA Y EQUIPO DE TRANSPORTE', 'GASTOS', 0),
('524545', 'FLOTA Y EQUIPO FLUVIAL Y/O MARITIMO', 'GASTOS', 0),
('524550', 'FLOTA Y EQUIPO AEREO', 'GASTOS', 0),
('524555', 'FLOTA Y EQUIPO FERREO', 'GASTOS', 0),
('524560', 'ACUEDUCTOS PLANTAS Y REDES', 'GASTOS', 0),
('524565', 'ARMAMENTO DE VIGILANCIA', 'GASTOS', 0),
('524570', 'VIAS DE COMUNICACION', 'GASTOS', 0),
('524599', 'AJUSTES POR INFLACION', 'GASTOS', 0),
('5250', 'ADECUACION E INSTALACION', 'GASTOS', 0),
('525005', 'INSTALACIONES ELECTRICAS', 'GASTOS', 0),
('525010', 'ARREGLOS ORNAMENTALES', 'GASTOS', 0),
('525015', 'REPARACIONES LOCATIVAS', 'GASTOS', 0),
('525095', 'OTROS', 'GASTOS', 0),
('525099', 'AJUSTES POR INFLACION', 'GASTOS', 0),
('5255', 'GASTOS DE VIAJE', 'GASTOS', 0),
('525505', 'ALOJAMIENTO Y MANUTENCION', 'GASTOS', 0),
('525510', 'PASAJES FLUVIALES Y/O MARITIMOS', 'GASTOS', 0),
('525515', 'PASAJES AEREOS', 'GASTOS', 0),
('525520', 'PASAJES TERRESTRES', 'GASTOS', 0),
('525525', 'PASAJES FERREOS', 'GASTOS', 0),
('525595', 'OTROS', 'GASTOS', 0),
('525599', 'AJUSTES POR INFLACION', 'GASTOS', 0),
('5260', 'DEPRECIACIONES', 'GASTOS', 0),
('526005', 'CONSTRUCCIONES Y EDIFICACIONES', 'GASTOS', 0),
('526010', 'MAQUINARIA Y EQUIPO', 'GASTOS', 0),
('526015', 'EQUIPO DE OFICINA', 'GASTOS', 0),
('526020', 'EQUIPO DE COMPUTACION Y COMUNICACION', 'GASTOS', 0),
('526025', 'EQUIPO MEDICO - CIENTIFICO', 'GASTOS', 0),
('526030', 'EQUIPO DE HOTELES Y RESTAURANTES', 'GASTOS', 0),
('526035', 'FLOTA Y EQUIPO DE TRANSPORTE', 'GASTOS', 0),
('526040', 'FLOTA Y EQUIPO FLUVIAL Y/O MARITIMO', 'GASTOS', 0),
('526045', 'FLOTA Y EQUIPO AEREO', 'GASTOS', 0),
('526050', 'FLOTA Y EQUIPO FERREO', 'GASTOS', 0),
('526055', 'ACUEDUCTOS, PLANTAS Y REDES', 'GASTOS', 0),
('526060', 'ARMAMENTO DE VIGILANCIA', 'GASTOS', 0),
('526065', 'ENVASES Y EMPAQUES', 'GASTOS', 0),
('526099', 'AJUSTES POR INFLACION', 'GASTOS', 0),
('5265', 'AMORTIZACIONES', 'GASTOS', 0),
('526505', 'VIAS DE COMUNICACION', 'GASTOS', 0),
('526510', 'INTANGIBLES', 'GASTOS', 0),
('526515', 'CARGOS DIFERIDOS', 'GASTOS', 0),
('526595', 'OTRAS', 'GASTOS', 0),
('526599', 'AJUSTES POR INFLACION', 'GASTOS', 0),
('5270', 'FINANCIEROS - REAJUSTE DEL SISTEMA', 'GASTOS', 0),
('527001', 'a 527098', 'GASTOS', 0),
('527099', 'AJUSTES POR INFLACION', 'GASTOS', 0),
('5295', 'DIVERSOS', 'GASTOS', 0),
('529505', 'COMISIONES', 'GASTOS', 0),
('529510', 'LIBROS, SUSCRIPCIONES, PERIODICOS Y REVISTAS', 'GASTOS', 0),
('529515', 'MUSICA AMBIENTAL', 'GASTOS', 0),
('529520', 'GASTOS DE REPRESENTACION Y RELACIONES PUBLICAS', 'GASTOS', 0),
('529525', 'ELEMENTOS DE ASEO Y CAFETERIA', 'GASTOS', 0),
('529530', 'UTILES, PAPELERIA Y FOTOCOPIAS', 'GASTOS', 0),
('529535', 'COMBUSTIBLES Y LUBRICANTES', 'GASTOS', 0),
('529540', 'ENVASES Y EMPAQUES', 'GASTOS', 0);
INSERT INTO `puc` (`nro_cuenta`, `nombre_cuenta`, `clase`, `estado`) VALUES
('529545', 'TAXIS Y BUSES', 'GASTOS', 0),
('529550', 'ESTAMPILLAS', 'GASTOS', 0),
('529555', 'MICROFILMACION', 'GASTOS', 0),
('529560', 'CASINO Y RESTAURANTE', 'GASTOS', 0),
('529565', 'PARQUEADEROS', 'GASTOS', 0),
('529570', 'INDEMNIZACION POR DA?OS A TERCEROS', 'GASTOS', 0),
('529575', 'POLVORA Y SIMILARES', 'GASTOS', 0),
('529595', 'OTROS', 'GASTOS', 0),
('529599', 'AJUSTES POR INFLACION', 'GASTOS', 0),
('5299', 'PROVISIONES', 'GASTOS', 0),
('529905', 'INVERSIONES', 'GASTOS', 0),
('529910', 'DEUDORES', 'GASTOS', 0),
('529915', 'INVENTARIOS', 'GASTOS', 0),
('529920', 'PROPIEDADES, PLANTA Y EQUIPO', 'GASTOS', 0),
('529995', 'OTROS ACTIVOS', 'GASTOS', 0),
('529999', 'AJUSTES POR INFLACION', 'GASTOS', 0),
('53', 'NO OPERACIONALES', 'GASTOS', 0),
('5305', 'FINANCIEROS', 'GASTOS', 0),
('530505', 'GASTOS BANCARIOS', 'GASTOS', 0),
('530510', 'REAJUSTE MONETARIO - UPAC', 'GASTOS', 0),
('530515', 'COMISIONES', 'GASTOS', 0),
('530520', 'INTERESES', 'GASTOS', 0),
('530525', 'DIFERENCIA EN CAMBIO', 'GASTOS', 0),
('530530', 'GASTOS EN NEGOCIACION CERTIFICADOS DE CAMBIO', 'GASTOS', 0),
('530535', 'DESCUENTOS COMERCIALES CONDICIONADOS', 'GASTOS', 0),
('530540', 'GASTOS MANEJO Y EMISION DE BONOS', 'GASTOS', 0),
('530545', 'PRIMA AMORTIZADA', 'GASTOS', 0),
('530595', 'OTROS', 'GASTOS', 0),
('530599', 'AJUSTES POR INFLACION', 'GASTOS', 0),
('5310', 'PERDIDA EN VENTA Y RETIRO DE BIENES', 'GASTOS', 0),
('531005', 'VENTA DE INVERSIONES', 'GASTOS', 0),
('531010', 'VENTA DE CARTERA', 'GASTOS', 0),
('531015', 'VENTA DE PROPIEDADES PLANTA Y EQUIPO', 'GASTOS', 0),
('531020', 'VENTA DE INTANGIBLES', 'GASTOS', 0),
('531025', 'VENTA DE OTROS ACTIVOS', 'GASTOS', 0),
('531030', 'RETIRO DE PROPIEDADES PLANTA Y EQUIPO', 'GASTOS', 0),
('531035', 'RETIRO DE OTROS ACTIVOS', 'GASTOS', 0),
('531040', 'PERDIDAS POR SINIESTROS', 'GASTOS', 0),
('531095', 'OTROS', 'GASTOS', 0),
('531099', 'AJUSTES POR INFLACION', 'GASTOS', 0),
('5315', 'GASTOS EXTRAORDINARIOS', 'GASTOS', 0),
('531505', 'COSTAS Y PROCESOS JUDICIALES', 'GASTOS', 0),
('531510', 'ACTIVIDADES CULTURALES Y CIVICAS', 'GASTOS', 0),
('531515', 'COSTOS Y GASTOS DE EJERCICIOS ANTERIORES', 'GASTOS', 0),
('531520', 'IMPUESTOS ASUMIDOS', 'GASTOS', 0),
('531595', 'OTROS', 'GASTOS', 0),
('531599', 'AJUSTES POR INFLACION', 'GASTOS', 0),
('5395', 'GASTOS DIVERSOS', 'GASTOS', 0),
('539505', 'DEMANDAS LABORALES', 'GASTOS', 0),
('539510', 'DEMANDAS POR INCUMPLIMIENTO DE CONTRATOS', 'GASTOS', 0),
('539515', 'INDEMNIZACIONES', 'GASTOS', 0),
('539520', 'MULTAS, SANCIONES Y LITIGIOS', 'GASTOS', 0),
('539525', 'DONACIONES', 'GASTOS', 0),
('539530', 'CONSTITUCION DE GARANTIAS', 'GASTOS', 0),
('539535', 'AMORTIZACION DE BIENES ENTREGADOS EN COMODATO', 'GASTOS', 0),
('539595', 'OTROS', 'GASTOS', 0),
('539599', 'AJUSTES POR INFLACION', 'GASTOS', 0),
('54', 'IMPUESTO DE RENTA Y COMPLEMENTARIOS', 'GASTOS', 0),
('5405', 'IMPUESTO DE RENTA Y COMPLEMENTARIOS', 'GASTOS', 0),
('540505', 'IMPUESTO DE RENTA Y COMPLEMENTARIOS', 'GASTOS', 0),
('59', 'GANANCIAS Y PERDIDAS', 'GASTOS', 0),
('5905', 'GANANCIAS Y PERDIDAS', 'GASTOS', 0),
('590505', 'GANANCIAS Y PERDIDAS', 'GASTOS', 0),
('6', 'COSTOS DE VENTAS', 'COSTOS DE VENTAS', 0),
('61', 'COSTO DE VENTAS Y DE PRESTACION DE SERVICIOS', 'COSTOS DE VENTAS', 0),
('6105', 'AGRICULTURA, GANADERIA, CAZA Y SILVICULTURA', 'COSTOS DE VENTAS', 0),
('610505', 'CULTIVO DE CEREALES', 'COSTOS DE VENTAS', 0),
('610510', 'CULTIVOS DE HORTALIZAS, LEGUMBRES Y PLANTAS ORNAMENTALES', 'COSTOS DE VENTAS', 0),
('610515', 'CULTIVOS DE FRUTAS, NUECES Y PLANTAS AROMATICAS', 'COSTOS DE VENTAS', 0),
('610520', 'CULTIVO DE CAFE', 'COSTOS DE VENTAS', 0),
('610525', 'CULTIVO DE FLORES', 'COSTOS DE VENTAS', 0),
('610530', 'CULTIVO DE CA?A DE AZUCAR', 'COSTOS DE VENTAS', 0),
('610535', 'CULTIVO DE ALGODON Y PLANTAS PARA MATERIAL TEXTIL', 'COSTOS DE VENTAS', 0),
('610540', 'CULTIVO DE BANANO', 'COSTOS DE VENTAS', 0),
('610545', 'OTROS CULTIVOS AGRICOLAS', 'COSTOS DE VENTAS', 0),
('610550', 'CRIA DE OVEJAS, CABRAS, ASNOS, MULAS Y BURDEGANOS', 'COSTOS DE VENTAS', 0),
('610555', 'CRIA DE GANADO CABALLAR Y VACUNO.', 'COSTOS DE VENTAS', 0),
('610560', 'PRODUCCION AVICOLA', 'COSTOS DE VENTAS', 0),
('610565', 'CRIA DE OTROS ANIMALES', 'COSTOS DE VENTAS', 0),
('610570', 'SERVICIOS AGRICOLAS Y GANADEROS', 'COSTOS DE VENTAS', 0),
('610575', 'ACTIVIDAD DE CAZA', 'COSTOS DE VENTAS', 0),
('610580', 'ACTIVIDAD DE SILVICULTURA', 'COSTOS DE VENTAS', 0),
('610595', 'ACTIVIDADES CONEXAS', 'COSTOS DE VENTAS', 0),
('610599', 'AJUSTES POR INFLACION', 'COSTOS DE VENTAS', 0),
('6110', 'PESCA', 'COSTOS DE VENTAS', 0),
('611005', 'ACTIVIDAD DE PESCA', 'COSTOS DE VENTAS', 0),
('611010', 'EXPLOTACION DE CRIADEROS DE PECES', 'COSTOS DE VENTAS', 0),
('611095', 'ACTIVIDADES CONEXAS', 'COSTOS DE VENTAS', 0),
('611099', 'AJUSTES POR INFLACION', 'COSTOS DE VENTAS', 0),
('6115', 'EXPLOTACION DE MINAS Y CANTERAS', 'COSTOS DE VENTAS', 0),
('611505', 'CARBON', 'COSTOS DE VENTAS', 0),
('611510', 'PETROLEO CRUDO', 'COSTOS DE VENTAS', 0),
('611512', 'GAS NATURAL', 'COSTOS DE VENTAS', 0),
('611514', 'SERVICIOS RELACIONADOS CON EXTRACCION DE PETROLEO Y GAS', 'COSTOS DE VENTAS', 0),
('611515', 'MINERALES DE HIERRO', 'COSTOS DE VENTAS', 0),
('611520', 'MINERALES METALIFEROS NO FERROSOS', 'COSTOS DE VENTAS', 0),
('611525', 'PIEDRA, ARENA Y ARCILLA', 'COSTOS DE VENTAS', 0),
('611527', 'PIEDRAS PRECIOSAS', 'COSTOS DE VENTAS', 0),
('611528', 'ORO', 'COSTOS DE VENTAS', 0),
('611530', 'OTRAS MINAS Y CANTERAS', 'COSTOS DE VENTAS', 0),
('611532', 'PRESTACION DE SERVICIOS SECTOR MINERO', 'COSTOS DE VENTAS', 0),
('611595', 'ACTIVIDADES CONEXAS', 'COSTOS DE VENTAS', 0),
('611599', 'AJUSTES POR INFLACION', 'COSTOS DE VENTAS', 0),
('6120', 'INDUSTRIAS MANUFACTURERAS', 'COSTOS DE VENTAS', 0),
('612001', 'PRODUCCION Y PROCESAMIENTO DE CARNES Y PRODUCTOS CARNICOS', 'COSTOS DE VENTAS', 0),
('612002', 'PRODUCTOS DE PESCADO', 'COSTOS DE VENTAS', 0),
('612003', 'PRODUCTOS DE FRUTAS, LEGUMBRES Y HORTALIZAS', 'COSTOS DE VENTAS', 0),
('612004', 'ELABORACION DE ACEITES Y GRASAS', 'COSTOS DE VENTAS', 0),
('612005', 'ELABORACION DE PRODUCTOS LACTEOS', 'COSTOS DE VENTAS', 0),
('612006', 'ELABORACION DE PRODUCTOS DE MOLINERIA', 'COSTOS DE VENTAS', 0),
('612007', 'ELABORACION DE ALMIDONES Y DERIVADOS', 'COSTOS DE VENTAS', 0),
('612008', 'ELABORACION DE ALIMENTOS PARA ANIMALES', 'COSTOS DE VENTAS', 0),
('612009', 'ELABORACION DE PRODUCTOS PARA PANADERIA', 'COSTOS DE VENTAS', 0),
('612010', 'ELABORACION DE AZUCAR Y MELAZAS', 'COSTOS DE VENTAS', 0),
('612011', 'ELABORACION DE CACAO, CHOCOLATE Y CONFITERIA', 'COSTOS DE VENTAS', 0),
('612012', 'ELABORACION DE PASTAS  Y PRODUCTOS FARINACEOS', 'COSTOS DE VENTAS', 0),
('612013', 'ELABORACION DE PRODUCTOS DE CAFE', 'COSTOS DE VENTAS', 0),
('612014', 'ELABORACION DE OTROS PRODUCTOS ALIMENTICIOS', 'COSTOS DE VENTAS', 0),
('612015', 'ELABORACION DE BEBIDAS ALCOHOLICAS Y ALCOHOL ETILICO', 'COSTOS DE VENTAS', 0),
('612016', 'ELABORACION DE VINOS', 'COSTOS DE VENTAS', 0),
('612017', 'ELABORACION DE BEBIDAS MALTEADAS Y DE MALTA', 'COSTOS DE VENTAS', 0),
('612018', 'ELABORACION DE BEBIDAS NO ALCOHOLICAS', 'COSTOS DE VENTAS', 0),
('612019', 'ELABORACION DE PRODUCTOS DE TABACO', 'COSTOS DE VENTAS', 0),
('612020', 'PREPARACION E HILATURA DE FIBRAS TEXTILES Y TEJEDURIA', 'COSTOS DE VENTAS', 0),
('612021', 'ACABADO DE PRODUCTOS TEXTILES', 'COSTOS DE VENTAS', 0),
('612022', 'ELABORACION DE ARTICULOS DE MATERIALES TEXTILES', 'COSTOS DE VENTAS', 0),
('612023', 'ELABORACION DE TAPICES Y ALFOMBRAS', 'COSTOS DE VENTAS', 0),
('612024', 'ELABORACION DE CUERDAS, CORDELES, BRAMANTES Y REDES', 'COSTOS DE VENTAS', 0),
('612025', 'ELABORACION DE OTROS PRODUCTOS TEXTILES', 'COSTOS DE VENTAS', 0),
('612026', 'ELABORACION DE TEJIDOS', 'COSTOS DE VENTAS', 0),
('612027', 'ELABORACION DE PRENDAS DE VESTIR', 'COSTOS DE VENTAS', 0),
('612028', 'PREPARACION, ADOBO Y TE?IDO DE PIELES', 'COSTOS DE VENTAS', 0),
('612029', 'CURTIDO, ADOBO O PREPARACION DE CUERO', 'COSTOS DE VENTAS', 0),
('612030', 'ELABORACION DE MALETAS, BOLSOS Y SIMILARES', 'COSTOS DE VENTAS', 0),
('612031', 'ELABORACION DE CALZADO', 'COSTOS DE VENTAS', 0),
('612032', 'PRODUCCION DE MADERA, ARTICULOS DE MADERA Y CORCHO', 'COSTOS DE VENTAS', 0),
('612033', 'ELABORACION DE PASTA Y PRODUCTOS DE MADERA, PAPEL Y CARTON', 'COSTOS DE VENTAS', 0),
('612034', 'EDICIONES Y PUBLICACIONES', 'COSTOS DE VENTAS', 0),
('612035', 'IMPRESION', 'COSTOS DE VENTAS', 0),
('612036', 'SERVICIOS RELACIONADOS CON LA EDICION Y LA IMPRESION', 'COSTOS DE VENTAS', 0),
('612037', 'REPRODUCCION DE GRABACIONES', 'COSTOS DE VENTAS', 0),
('612038', 'ELABORACION DE PRODUCTOS DE HORNO DE COQUE', 'COSTOS DE VENTAS', 0),
('612039', 'ELABORACION DE PRODUCTOS DE LA REFINACION DE PETROLEO', 'COSTOS DE VENTAS', 0),
('612040', 'ELABORACION DE SUSTANCIAS QUIMICAS BASICAS', 'COSTOS DE VENTAS', 0),
('612041', 'ELABORACION DE ABONOS Y COMPUESTOS DE NITROGENO', 'COSTOS DE VENTAS', 0),
('612042', 'ELABORACION DE PLASTICO Y CAUCHO SINTETICO', 'COSTOS DE VENTAS', 0),
('612043', 'ELABORACION DE PRODUCTOS QUIMICOS DE USO AGROPECUARIO', 'COSTOS DE VENTAS', 0),
('612044', 'ELABORACION DE PINTURAS, TINTAS Y MASILLAS', 'COSTOS DE VENTAS', 0),
('612045', 'ELABORACION DE PRODUCTOS FARMACEUTICOS Y BOTANICOS', 'COSTOS DE VENTAS', 0),
('612046', 'ELABORACION DE JABONES, DETERGENTES Y PREPARADOS DE TOCADOR', 'COSTOS DE VENTAS', 0),
('612047', 'ELABORACION DE OTROS PRODUCTOS QUIMICOS', 'COSTOS DE VENTAS', 0),
('612048', 'ELABORACION DE FIBRAS', 'COSTOS DE VENTAS', 0),
('612049', 'ELABORACION DE OTROS PRODUCTOS DE CAUCHO', 'COSTOS DE VENTAS', 0),
('612050', 'ELABORACION DE PRODUCTOS DE PLASTICO', 'COSTOS DE VENTAS', 0),
('612051', 'ELABORACION DE VIDRIO Y PRODUCTOS DE VIDRIO', 'COSTOS DE VENTAS', 0),
('612052', 'ELABORACION DE PRODUCTOS DE CERAMICA, LOZA, PIEDRA, ARCILLA Y PORCELANA', 'COSTOS DE VENTAS', 0),
('612053', 'ELABORACION DE CEMENTO, CAL Y YESO', 'COSTOS DE VENTAS', 0),
('612054', 'ELABORACION DE ARTICULOS DE HORMIGON, CEMENTO Y YESO', 'COSTOS DE VENTAS', 0),
('612055', 'CORTE, TALLADO Y ACABADO DE LA PIEDRA', 'COSTOS DE VENTAS', 0),
('612056', 'ELABORACION DE OTROS PRODUCTOS MINERALES NO METALICOS', 'COSTOS DE VENTAS', 0),
('612057', 'INDUSTRIAS BASICAS Y FUNDICION DE HIERRO Y ACERO', 'COSTOS DE VENTAS', 0),
('612058', 'PRODUCTOS PRIMARIOS DE METALES PRECIOSOS Y DE METALES NO FERROSOS', 'COSTOS DE VENTAS', 0),
('612059', 'FUNDICION DE METALES NO FERROSOS', 'COSTOS DE VENTAS', 0),
('612060', 'FABRICACION DE PRODUCTOS METALICOS PARA USO ESTRUCTURAL', 'COSTOS DE VENTAS', 0),
('612061', 'FORJA, PRENSADO, ESTAMPADO, LAMINADO DE METAL Y PULVIMETALURGIA', 'COSTOS DE VENTAS', 0),
('612062', 'REVESTIMIENTO DE METALES Y OBRAS DE INGENIERIA MECANICA', 'COSTOS DE VENTAS', 0),
('612063', 'FABRICACION DE ARTICULOS DE FERRETERIA', 'COSTOS DE VENTAS', 0),
('612064', 'ELABORACION DE OTROS PRODUCTOS DE METAL', 'COSTOS DE VENTAS', 0),
('612065', 'FABRICACION DE MAQUINARIA Y EQUIPO', 'COSTOS DE VENTAS', 0),
('612066', 'FABRICACION DE EQUIPOS DE ELEVACION Y MANIPULACION', 'COSTOS DE VENTAS', 0),
('612067', 'ELABORACION DE APARATOS DE USO DOMESTICO', 'COSTOS DE VENTAS', 0),
('612068', 'ELABORACION DE EQUIPO DE OFICINA', 'COSTOS DE VENTAS', 0),
('612069', 'ELABORACION DE PILAS Y BATERIAS PRIMARIAS', 'COSTOS DE VENTAS', 0),
('612070', 'ELABORACION DE EQUIPO DE ILUMINACION', 'COSTOS DE VENTAS', 0),
('612071', 'ELABORACION DE OTROS TIPOS DE EQUIPO ELECTRICO', 'COSTOS DE VENTAS', 0),
('612072', 'FABRICACION DE EQUIPOS DE RADIO, TELEVISION Y COMUNICACIONES', 'COSTOS DE VENTAS', 0),
('612073', 'FABRICACION DE APARATOS E INSTRUMENTOS MEDICOS', 'COSTOS DE VENTAS', 0),
('612074', 'FABRICACION DE INSTRUMENTOS DE MEDICION Y CONTROL', 'COSTOS DE VENTAS', 0),
('612075', 'FABRICACION DE INSTRUMENTOS DE OPTICA Y EQUIPO FOTOGRAFICO', 'COSTOS DE VENTAS', 0),
('612076', 'FABRICACION DE RELOJES', 'COSTOS DE VENTAS', 0),
('612077', 'FABRICACION DE VEHICULOS AUTOMOTORES', 'COSTOS DE VENTAS', 0),
('612078', 'FABRICACION DE CARROCERIAS PARA AUTOMOTORES', 'COSTOS DE VENTAS', 0),
('612079', 'FABRICACION DE PARTES PIEZAS Y ACCESORIOS PARA AUTOMOTORES', 'COSTOS DE VENTAS', 0),
('612080', 'FABRICACION Y REPARACION DE BUQUES Y OTRAS EMBARCACIONES', 'COSTOS DE VENTAS', 0),
('612081', 'FABRICACION DE LOCOMOTORAS Y MATERIAL RODANTE PARA FERROCARRILES', 'COSTOS DE VENTAS', 0),
('612082', 'FABRICACION DE AERONAVES', 'COSTOS DE VENTAS', 0),
('612083', 'FABRICACION DE MOTOCICLETAS', 'COSTOS DE VENTAS', 0),
('612084', 'FABRICACION DE BICICLETAS Y SILLAS DE RUEDAS', 'COSTOS DE VENTAS', 0),
('612085', 'FABRICACION DE OTROS TIPOS DE TRANSPORTE', 'COSTOS DE VENTAS', 0),
('612086', 'FABRICACION DE MUEBLES', 'COSTOS DE VENTAS', 0),
('612087', 'FABRICACION DE JOYAS Y ARTICULOS CONEXOS', 'COSTOS DE VENTAS', 0),
('612088', 'FABRICACION DE INSTRUMENTOS DE MUSICA', 'COSTOS DE VENTAS', 0),
('612089', 'FABRICACION DE ARTICULOS Y EQUIPO PARA DEPORTE', 'COSTOS DE VENTAS', 0),
('612090', 'FABRICACION DE JUEGOS Y JUGUETES', 'COSTOS DE VENTAS', 0),
('612091', 'RECICLAMIENTO DE DESPERDICIOS', 'COSTOS DE VENTAS', 0),
('612095', 'PRODUCTOS DE OTRAS INDUSTRIAS MANUFACTURERAS', 'COSTOS DE VENTAS', 0),
('612099', 'AJUSTES POR INFLACION', 'COSTOS DE VENTAS', 0),
('6125', 'SUMINISTRO DE ELECTRICIDAD, GAS Y AGUA', 'COSTOS DE VENTAS', 0),
('612505', 'GENERACION, CAPTACION Y DISTRIBUCION DE ENERGIA ELECTRICA', 'COSTOS DE VENTAS', 0),
('612510', 'FABRICACION DE GAS Y DISTRIBUCION DE COMBUSTIBLES GASEOSOS', 'COSTOS DE VENTAS', 0),
('612515', 'CAPTACION, DEPURACION Y DISTRIBUCION DE AGUA', 'COSTOS DE VENTAS', 0),
('612595', 'ACTIVIDADES CONEXAS', 'COSTOS DE VENTAS', 0),
('612599', 'AJUSTES POR INFLACION', 'COSTOS DE VENTAS', 0),
('6130', 'CONSTRUCCION', 'COSTOS DE VENTAS', 0),
('613005', 'PREPARACION DE TERRENOS', 'COSTOS DE VENTAS', 0),
('613010', 'CONSTRUCCION DE EDIFICIOS Y OBRAS DE INGENIERIA CIVIL', 'COSTOS DE VENTAS', 0),
('613015', 'ACONDICIONAMIENTO DE EDIFICIOS', 'COSTOS DE VENTAS', 0),
('613020', 'TERMINACION DE EDIFICACIONES', 'COSTOS DE VENTAS', 0),
('613025', 'ALQUILER DE EQUIPO CON OPERARIO', 'COSTOS DE VENTAS', 0),
('613095', 'ACTIVIDADES CONEXAS', 'COSTOS DE VENTAS', 0),
('613099', 'AJUSTES POR INFLACION', 'COSTOS DE VENTAS', 0),
('6135', 'COMERCIO AL POR MAYOR Y AL POR MENOR', 'COSTOS DE VENTAS', 0),
('613502', 'VENTA DE VEHICULOS AUTOMOTORES', 'COSTOS DE VENTAS', 0),
('613504', 'MANTENIMIENTO, REPARACION Y LAVADO DE VEHICULOS AUTOMOTORES', 'COSTOS DE VENTAS', 0),
('613506', 'VENTA DE PARTES, PIEZAS Y ACCESORIOS DE VEHICULOS AUTOMOTORES', 'COSTOS DE VENTAS', 0),
('613508', 'VENTA DE COMBUSTIBLES SOLIDOS, LIQUIDOS, GASEOSOS', 'COSTOS DE VENTAS', 0),
('613510', 'VENTA DE LUBRICANTES, ADITIVOS, LLANTAS Y LUJOS PARA AUTOMOTORES', 'COSTOS DE VENTAS', 0),
('613512', 'VENTA A CAMBIO DE RETRIBUCION O POR CONTRATA', 'COSTOS DE VENTAS', 0),
('613514', 'VENTA DE INSUMOS, MATERIAS PRIMAS AGROPECUARIAS Y FLORES', 'COSTOS DE VENTAS', 0),
('613516', 'VENTA DE OTROS INSUMOS Y MATERIAS PRIMAS NO AGROPECUARIAS', 'COSTOS DE VENTAS', 0),
('613518', 'VENTA DE ANIMALES VIVOS Y CUEROS', 'COSTOS DE VENTAS', 0),
('613520', 'VENTA DE PRODUCTOS EN ALMACENES NO ESPECIALIZADOS', 'COSTOS DE VENTAS', 0),
('613522', 'VENTA DE PRODUCTOS AGROPECUARIOS', 'COSTOS DE VENTAS', 0),
('613524', 'VENTA DE PRODUCTOS TEXTILES, DE VESTIR, DE CUERO Y CALZADO', 'COSTOS DE VENTAS', 0),
('613526', 'VENTA DE PAPEL Y CARTON', 'COSTOS DE VENTAS', 0),
('613528', 'VENTA DE LIBROS, REVISTAS, ELEMENTOS DE PAPELERIA, UTILES Y TEXTOS ESCOLARES', 'COSTOS DE VENTAS', 0),
('613530', 'VENTA DE JUEGOS, JUGUETES Y ARTICULOS DEPORTIVOS', 'COSTOS DE VENTAS', 0),
('613532', 'VENTA DE INSTRUMENTOS QUIRURGICOS Y ORTOPEDICOS', 'COSTOS DE VENTAS', 0),
('613534', 'VENTA DE ARTICULOS EN RELOJERIAS Y JOYERIAS', 'COSTOS DE VENTAS', 0),
('613536', 'VENTA DE ELECTRODOMESTICOS Y MUEBLES', 'COSTOS DE VENTAS', 0),
('613538', 'VENTA DE PRODUCTOS DE ASEO, FARMACEUTICOS, MEDICINALES, Y ARTICULOS DE TOCADOR', 'COSTOS DE VENTAS', 0),
('613540', 'VENTA DE CUBIERTOS, VAJILLAS, CRISTALERIA, PORCELANAS, CERAMICAS Y OTROS ARTICULOS DE USO DOMESTICO', 'COSTOS DE VENTAS', 0),
('613542', 'VENTA DE MATERIALES DE CONSTRUCCION, FONTANERIA Y CALEFACCION', 'COSTOS DE VENTAS', 0),
('613544', 'VENTA DE PINTURAS Y LACAS', 'COSTOS DE VENTAS', 0),
('613546', 'VENTA DE PRODUCTOS DE VIDRIOS Y MARQUETERIA', 'COSTOS DE VENTAS', 0),
('613548', 'VENTA DE HERRAMIENTAS Y ARTICULOS DE FERRETERIA', 'COSTOS DE VENTAS', 0),
('613550', 'VENTA DE QUIMICOS', 'COSTOS DE VENTAS', 0),
('613552', 'VENTA DE PRODUCTOS INTERMEDIOS, DESPERDICIOS Y DESECHOS', 'COSTOS DE VENTAS', 0),
('613554', 'VENTA DE MAQUINARIA, EQUIPO DE OFICINA Y PROGRAMAS DE COMPUTADOR', 'COSTOS DE VENTAS', 0),
('613556', 'VENTA DE ARTICULOS EN CACHARRERIAS Y MISCELANEAS', 'COSTOS DE VENTAS', 0),
('613558', 'VENTA DE INSTRUMENTOS MUSICALES', 'COSTOS DE VENTAS', 0),
('613560', 'VENTA DE ARTICULOS EN CASAS DE EMPE?O Y PRENDERIAS', 'COSTOS DE VENTAS', 0),
('613562', 'VENTA DE EQUIPO FOTOGRAFICO', 'COSTOS DE VENTAS', 0),
('613564', 'VENTA DE EQUIPO OPTICO Y DE PRECISION', 'COSTOS DE VENTAS', 0),
('613566', 'VENTA DE EMPAQUES', 'COSTOS DE VENTAS', 0),
('613568', 'VENTA DE EQUIPO PROFESIONAL Y CIENTIFICO', 'COSTOS DE VENTAS', 0),
('613570', 'VENTA DE LOTERIAS, RIFAS, CHANCE, APUESTAS Y SIMILARES', 'COSTOS DE VENTAS', 0),
('613572', 'REPARACION DE EFECTOS PERSONALES Y ELECTRODOMESTICOS', 'COSTOS DE VENTAS', 0),
('613595', 'VENTA DE OTROS PRODUCTOS', 'COSTOS DE VENTAS', 0),
('613599', 'AJUSTES POR INFLACION', 'COSTOS DE VENTAS', 0),
('6140', 'HOTELES Y RESTAURANTES', 'COSTOS DE VENTAS', 0),
('614005', 'HOTELERIA', 'COSTOS DE VENTAS', 0),
('614010', 'CAMPAMENTO Y OTROS TIPOS DE HOSPEDAJE', 'COSTOS DE VENTAS', 0),
('614015', 'RESTAURANTES', 'COSTOS DE VENTAS', 0),
('614020', 'BARES Y CANTINAS', 'COSTOS DE VENTAS', 0),
('614095', 'ACTIVIDADES CONEXAS', 'COSTOS DE VENTAS', 0),
('614099', 'AJUSTES POR INFLACION', 'COSTOS DE VENTAS', 0),
('6145', 'TRANSPORTE, ALMACENAMIENTO Y COMUNICACIONES', 'COSTOS DE VENTAS', 0),
('614505', 'SERVICIO DE TRANSPORTE POR CARRETERA', 'COSTOS DE VENTAS', 0),
('614510', 'SERVICIO DE TRANSPORTE POR VIA FERREA', 'COSTOS DE VENTAS', 0),
('614515', 'SERVICIO DE TRANSPORTE POR VIA ACUATICA', 'COSTOS DE VENTAS', 0),
('614520', 'SERVICIO DE TRANSPORTE POR VIA AEREA', 'COSTOS DE VENTAS', 0),
('614525', 'SERVICIO DE TRANSPORTE POR TUBERIAS', 'COSTOS DE VENTAS', 0),
('614530', 'MANIPULACION DE CARGA', 'COSTOS DE VENTAS', 0),
('614535', 'ALMACENAMIENTO Y DEPOSITO', 'COSTOS DE VENTAS', 0),
('614540', 'SERVICIOS COMPLEMENTARIOS PARA EL TRANSPORTE', 'COSTOS DE VENTAS', 0),
('614545', 'AGENCIAS DE VIAJE', 'COSTOS DE VENTAS', 0),
('614550', 'OTRAS AGENCIAS DE TRANSPORTE', 'COSTOS DE VENTAS', 0),
('614555', 'SERVICIO POSTAL Y DE CORREO', 'COSTOS DE VENTAS', 0),
('614560', 'SERVICIO TELEFONICO', 'COSTOS DE VENTAS', 0),
('614565', 'SERVICIO DE TELEGRAFO', 'COSTOS DE VENTAS', 0),
('614570', 'SERVICIO DE TRANSMISION DE DATOS', 'COSTOS DE VENTAS', 0),
('614575', 'SERVICIO DE RADIO Y TELEVISION POR CABLE', 'COSTOS DE VENTAS', 0),
('614580', 'TRANSMISION DE SONIDO E IMAGENES POR CONTRATO', 'COSTOS DE VENTAS', 0),
('614595', 'ACTIVIDADES CONEXAS', 'COSTOS DE VENTAS', 0),
('614599', 'AJUSTES POR INFLACION', 'COSTOS DE VENTAS', 0),
('6150', 'ACTIVIDAD FINANCIERA', 'COSTOS DE VENTAS', 0),
('615005', 'DE INVERSIONES', 'COSTOS DE VENTAS', 0),
('615010', 'DE SERVICIO DE BOLSA', 'COSTOS DE VENTAS', 0),
('615099', 'AJUSTES POR INFLACION', 'COSTOS DE VENTAS', 0),
('6155', 'ACTIVIDADES INMOBILIARIAS, EMPRESARIALES Y DE ALQUILER', 'COSTOS DE VENTAS', 0),
('615505', 'ARRENDAMIENTOS DE BIENES INMUEBLES', 'COSTOS DE VENTAS', 0),
('615510', 'INMOBILIARIAS POR RETRIBUCION O CONTRATA', 'COSTOS DE VENTAS', 0),
('615515', 'ALQUILER EQUIPO DE TRANSPORTE', 'COSTOS DE VENTAS', 0),
('615520', 'ALQUILER MAQUINARIA Y EQUIPO', 'COSTOS DE VENTAS', 0),
('615525', 'ALQUILER DE EFECTOS PERSONALES Y ENSERES DOMESTICOS', 'COSTOS DE VENTAS', 0),
('615530', 'CONSULTORIA EN EQUIPO Y PROGRAMAS DE INFORMATICA', 'COSTOS DE VENTAS', 0),
('615535', 'PROCESAMIENTO DE DATOS', 'COSTOS DE VENTAS', 0),
('615540', 'MANTENIMIENTO Y REPARACION DE MAQUINARIA DE OFICINA', 'COSTOS DE VENTAS', 0),
('615545', 'INVESTIGACIONES CIENTIFICAS Y DE DESARROLLO', 'COSTOS DE VENTAS', 0),
('615550', 'ACTIVIDADES EMPRESARIALES DE CONSULTORIA', 'COSTOS DE VENTAS', 0),
('615555', 'PUBLICIDAD', 'COSTOS DE VENTAS', 0),
('615560', 'DOTACION DE PERSONAL', 'COSTOS DE VENTAS', 0),
('615565', 'INVESTIGACION Y SEGURIDAD', 'COSTOS DE VENTAS', 0),
('615570', 'LIMPIEZA DE INMUEBLES', 'COSTOS DE VENTAS', 0),
('615575', 'FOTOGRAFIA', 'COSTOS DE VENTAS', 0),
('615580', 'ENVASE Y EMPAQUE', 'COSTOS DE VENTAS', 0),
('615585', 'FOTOCOPIADO', 'COSTOS DE VENTAS', 0),
('615590', 'MANTENIMIENTO Y REPARACION DE MAQUINARIA Y EQUIPO', 'COSTOS DE VENTAS', 0),
('615595', 'ACTIVIDADES CONEXAS', 'COSTOS DE VENTAS', 0),
('615599', 'AJUSTES POR INFLACION', 'COSTOS DE VENTAS', 0),
('6160', 'ENSE?ANZA', 'COSTOS DE VENTAS', 0),
('616005', 'ACTIVIDADES RELACIONADAS CON LA EDUCACION', 'COSTOS DE VENTAS', 0),
('616099', 'AJUSTES POR INFLACION', 'COSTOS DE VENTAS', 0),
('6165', 'SERVICIOS SOCIALES Y DE SALUD', 'COSTOS DE VENTAS', 0),
('616505', 'SERVICIO HOSPITALARIO', 'COSTOS DE VENTAS', 0),
('616510', 'SERVICIO MEDICO', 'COSTOS DE VENTAS', 0),
('616515', 'SERVICIO ODONTOLOGICO', 'COSTOS DE VENTAS', 0),
('616520', 'SERVICIO DE LABORATORIO', 'COSTOS DE VENTAS', 0),
('616525', 'ACTIVIDADES VETERINARIAS', 'COSTOS DE VENTAS', 0),
('616530', 'ACTIVIDADES DE SERVICIOS SOCIALES', 'COSTOS DE VENTAS', 0),
('616595', 'ACTIVIDADES CONEXAS', 'COSTOS DE VENTAS', 0),
('616599', 'AJUSTES POR INFLACION', 'COSTOS DE VENTAS', 0),
('6170', 'OTRAS ACTIVIDADES DE SERVICIOS COMUNITARIOS, SOCIALES Y PERSONALES', 'COSTOS DE VENTAS', 0),
('617005', 'ELIMINACION DE DESPERDICIOS Y AGUAS RESIDUALES', 'COSTOS DE VENTAS', 0),
('617010', 'ACTIVIDADES DE ASOCIACION', 'COSTOS DE VENTAS', 0),
('617015', 'PRODUCCION Y DISTRIBUCION DE FILMES Y VIDEOCINTAS', 'COSTOS DE VENTAS', 0),
('617020', 'EXHIBICION DE FILMES Y VIDEOCINTAS', 'COSTOS DE VENTAS', 0),
('617025', 'ACTIVIDAD DE RADIO Y TELEVISION', 'COSTOS DE VENTAS', 0),
('617030', 'ACTIVIDAD TEATRAL, MUSICAL Y ARTISTICA', 'COSTOS DE VENTAS', 0),
('617035', 'GRABACION Y PRODUCCION DE DISCOS', 'COSTOS DE VENTAS', 0),
('617040', 'ENTRETENIMIENTO Y ESPARCIMIENTO', 'COSTOS DE VENTAS', 0),
('617045', 'AGENCIAS DE NOTICIAS', 'COSTOS DE VENTAS', 0),
('617050', 'LAVANDERIAS Y SIMILARES', 'COSTOS DE VENTAS', 0),
('617055', 'PELUQUERIAS Y SIMILARES', 'COSTOS DE VENTAS', 0),
('617060', 'SERVICIOS FUNERARIOS', 'COSTOS DE VENTAS', 0),
('617065', 'ZONAS FRANCAS', 'COSTOS DE VENTAS', 0),
('617095', 'ACTIVIDADES CONEXAS', 'COSTOS DE VENTAS', 0),
('617099', 'AJUSTES POR INFLACION', 'COSTOS DE VENTAS', 0),
('62', 'COMPRAS', 'COSTOS DE VENTAS', 0),
('6205', 'DE MERCANCIAS', 'COSTOS DE VENTAS', 0),
('620599', 'AJUSTES POR INFLACION', 'COSTOS DE VENTAS', 0),
('6210', 'DE MATERIAS PRIMAS', 'COSTOS DE VENTAS', 0),
('621099', 'AJUSTES POR INFLACION', 'COSTOS DE VENTAS', 0),
('6215', 'DE MATERIALES INDIRECTOS', 'COSTOS DE VENTAS', 0),
('621599', 'AJUSTES POR INFLACION', 'COSTOS DE VENTAS', 0),
('6220', 'COMPRA DE ENERGIA', 'COSTOS DE VENTAS', 0),
('622001', 'a 622098', 'COSTOS DE VENTAS', 0),
('622099', 'AJUSTES POR INFLACION', 'COSTOS DE VENTAS', 0),
('6225', 'DEVOLUCIONES REBAJAS Y DESCUENTOS EN COMPRAS (CR)', 'COSTOS DE VENTAS', 0),
('622599', 'AJUSTES POR INFLACION', 'COSTOS DE VENTAS', 0),
('7', 'COSTOS DE PRODUCCION O DE OPERACION', 'COSTOS DE PRODUCCION O DE OPERACION', 0),
('71', 'MATERIA PRIMA', 'COSTOS DE PRODUCCION O DE OPERACION', 0),
('72', 'MANO DE OBRA DIRECTA', 'COSTOS DE PRODUCCION O DE OPERACION', 0),
('73', 'COSTOS INDIRECTOS', 'COSTOS DE PRODUCCION O DE OPERACION', 0),
('74', 'CONTRATOS DE SERVICIOS', 'COSTOS DE PRODUCCION O DE OPERACION', 0),
('8', 'CUENTAS DE ORDEN DEUDORAS', 'CUENTAS DE ORDEN DEUDORAS', 0),
('81', 'DERECHOS CONTINGENTES', 'CUENTAS DE ORDEN DEUDORAS', 0),
('8105', 'BIENES Y VALORES ENTREGADOS EN CUSTODIA', 'CUENTAS DE ORDEN DEUDORAS', 0),
('810505', 'VALORES MOBILIARIOS', 'CUENTAS DE ORDEN DEUDORAS', 0),
('810510', 'BIENES MUEBLES', 'CUENTAS DE ORDEN DEUDORAS', 0),
('810599', 'AJUSTES POR INFLACION', 'CUENTAS DE ORDEN DEUDORAS', 0),
('8110', 'BIENES Y VALORES ENTREGADOS EN GARANTIA', 'CUENTAS DE ORDEN DEUDORAS', 0),
('811005', 'VALORES MOBILIARIOS', 'CUENTAS DE ORDEN DEUDORAS', 0),
('811010', 'BIENES MUEBLES', 'CUENTAS DE ORDEN DEUDORAS', 0),
('811015', 'BIENES INMUEBLES', 'CUENTAS DE ORDEN DEUDORAS', 0),
('811020', 'CONTRATOS DE GANADO EN PARTICIPACION', 'CUENTAS DE ORDEN DEUDORAS', 0),
('811099', 'AJUSTES POR INFLACION', 'CUENTAS DE ORDEN DEUDORAS', 0),
('8115', 'BIENES Y VALORES EN PODER DE TERCEROS', 'CUENTAS DE ORDEN DEUDORAS', 0),
('811505', 'EN ARRENDAMIENTO', 'CUENTAS DE ORDEN DEUDORAS', 0),
('811510', 'EN PRESTAMO', 'CUENTAS DE ORDEN DEUDORAS', 0),
('811515', 'EN DEPOSITO', 'CUENTAS DE ORDEN DEUDORAS', 0),
('811520', 'EN CONSIGNACION', 'CUENTAS DE ORDEN DEUDORAS', 0),
('811599', 'AJUSTES POR INFLACION', 'CUENTAS DE ORDEN DEUDORAS', 0),
('8120', 'LITIGIOS Y/O DEMANDAS', 'CUENTAS DE ORDEN DEUDORAS', 0),
('812005', 'EJECUTIVOS', 'CUENTAS DE ORDEN DEUDORAS', 0),
('812010', 'INCUMPLIMIENTO DE CONTRATOS', 'CUENTAS DE ORDEN DEUDORAS', 0),
('8125', 'PROMESAS DE COMPRAVENTA', 'CUENTAS DE ORDEN DEUDORAS', 0),
('8195', 'DIVERSAS', 'CUENTAS DE ORDEN DEUDORAS', 0),
('819505', 'VALORES ADQUIRIDOS POR RECIBIR', 'CUENTAS DE ORDEN DEUDORAS', 0),
('819595', 'OTRAS', 'CUENTAS DE ORDEN DEUDORAS', 0),
('819599', 'AJUSTES POR INFLACION.', 'CUENTAS DE ORDEN DEUDORAS', 0),
('82', 'DEUDORAS FISCALES', 'CUENTAS DE ORDEN DEUDORAS', 0),
('83', 'DEUDORAS DE CONTROL', 'CUENTAS DE ORDEN DEUDORAS', 0),
('8305', 'BIENES RECIBIDOS EN ARRENDAMIENTO FINANCIERO', 'CUENTAS DE ORDEN DEUDORAS', 0),
('830505', 'BIENES MUEBLES', 'CUENTAS DE ORDEN DEUDORAS', 0),
('830510', 'BIENES INMUEBLES', 'CUENTAS DE ORDEN DEUDORAS', 0),
('830599', 'AJUSTES POR INFLACION', 'CUENTAS DE ORDEN DEUDORAS', 0),
('8310', 'TITULOS DE INVERSION NO COLOCADOS', 'CUENTAS DE ORDEN DEUDORAS', 0),
('831005', 'ACCIONES', 'CUENTAS DE ORDEN DEUDORAS', 0),
('831010', 'BONOS', 'CUENTAS DE ORDEN DEUDORAS', 0),
('831095', 'OTROS', 'CUENTAS DE ORDEN DEUDORAS', 0),
('8315', 'PROPIEDADES PLANTA Y EQUIPO TOTALMENTE DEPRECIADOS, AGOTADOS Y/O AMORTIZADOS', 'CUENTAS DE ORDEN DEUDORAS', 0),
('831506', 'MATERIALES PROYECTOS PETROLEROS', 'CUENTAS DE ORDEN DEUDORAS', 0),
('831516', 'CONSTRUCCIONES Y EDIFICACIONES', 'CUENTAS DE ORDEN DEUDORAS', 0),
('831520', 'MAQUINARIA Y EQUIPO', 'CUENTAS DE ORDEN DEUDORAS', 0),
('831524', 'EQUIPO DE OFICINA', 'CUENTAS DE ORDEN DEUDORAS', 0),
('831528', 'EQUIPO DE COMPUTACION Y COMUNICACION', 'CUENTAS DE ORDEN DEUDORAS', 0),
('831532', 'EQUIPO MEDICO - CIENTIFICO', 'CUENTAS DE ORDEN DEUDORAS', 0),
('831536', 'EQUIPO DE HOTELES Y RESTAURANTES', 'CUENTAS DE ORDEN DEUDORAS', 0),
('831540', 'FLOTA Y EQUIPO DE TRANSPORTE', 'CUENTAS DE ORDEN DEUDORAS', 0),
('831544', 'FLOTA Y EQUIPO FLUVIAL Y/O MARITIMO', 'CUENTAS DE ORDEN DEUDORAS', 0),
('831548', 'FLOTA Y EQUIPO AEREO', 'CUENTAS DE ORDEN DEUDORAS', 0),
('831552', 'FLOTA Y EQUIPO FERREO', 'CUENTAS DE ORDEN DEUDORAS', 0),
('831556', 'ACUEDUCTOS, PLANTAS Y REDES', 'CUENTAS DE ORDEN DEUDORAS', 0),
('831560', 'ARMAMENTO DE VIGILANCIA', 'CUENTAS DE ORDEN DEUDORAS', 0),
('831562', 'ENVASES Y EMPAQUES', 'CUENTAS DE ORDEN DEUDORAS', 0),
('831564', 'PLANTACIONES AGRICOLAS Y FORESTALES', 'CUENTAS DE ORDEN DEUDORAS', 0),
('831568', 'VIAS DE COMUNICACION', 'CUENTAS DE ORDEN DEUDORAS', 0),
('831572', 'MINAS Y CANTERAS', 'CUENTAS DE ORDEN DEUDORAS', 0),
('831576', 'POZOS ARTESIANOS', 'CUENTAS DE ORDEN DEUDORAS', 0),
('831580', 'YACIMIENTOS', 'CUENTAS DE ORDEN DEUDORAS', 0),
('831584', 'SEMOVIENTES', 'CUENTAS DE ORDEN DEUDORAS', 0),
('831599', 'AJUSTES POR INFLACION', 'CUENTAS DE ORDEN DEUDORAS', 0),
('8320', 'CREDITOS A FAVOR NO UTILIZADOS', 'CUENTAS DE ORDEN DEUDORAS', 0),
('832005', 'PAIS', 'CUENTAS DE ORDEN DEUDORAS', 0),
('832010', 'EXTERIOR', 'CUENTAS DE ORDEN DEUDORAS', 0),
('8325', 'ACTIVOS CASTIGADOS', 'CUENTAS DE ORDEN DEUDORAS', 0),
('832505', 'INVERSIONES', 'CUENTAS DE ORDEN DEUDORAS', 0),
('832510', 'DEUDORES', 'CUENTAS DE ORDEN DEUDORAS', 0),
('832595', 'OTROS ACTIVOS', 'CUENTAS DE ORDEN DEUDORAS', 0),
('8330', 'TITULOS DE INVERSION AMORTIZADOS', 'CUENTAS DE ORDEN DEUDORAS', 0),
('833005', 'BONOS', 'CUENTAS DE ORDEN DEUDORAS', 0),
('833095', 'OTROS', 'CUENTAS DE ORDEN DEUDORAS', 0),
('8335', 'CAPITALIZACION POR REVALORIZACION DE PATRIMONIO', 'CUENTAS DE ORDEN DEUDORAS', 0),
('8395', 'OTRAS CUENTAS DEUDORAS DE CONTROL', 'CUENTAS DE ORDEN DEUDORAS', 0),
('839505', 'CHEQUES POSTFECHADOS', 'CUENTAS DE ORDEN DEUDORAS', 0),
('839510', 'CERTIFICADOS DE DEPOSITO A TERMINO', 'CUENTAS DE ORDEN DEUDORAS', 0),
('839515', 'CHEQUES DEVUELTOS', 'CUENTAS DE ORDEN DEUDORAS', 0),
('839520', 'BIENES Y VALORES EN FIDEICOMISO', 'CUENTAS DE ORDEN DEUDORAS', 0),
('839525', 'INTERESES SOBRE DEUDAS VENCIDAS', 'CUENTAS DE ORDEN DEUDORAS', 0),
('839595', 'DIVERSAS', 'CUENTAS DE ORDEN DEUDORAS', 0),
('839599', 'AJUSTES POR INFLACION', 'CUENTAS DE ORDEN DEUDORAS', 0),
('8399', 'AJUSTES POR INFLACION ACTIVOS', 'CUENTAS DE ORDEN DEUDORAS', 0),
('839905', 'INVERSIONES', 'CUENTAS DE ORDEN DEUDORAS', 0),
('839910', 'INVENTARIOS', 'CUENTAS DE ORDEN DEUDORAS', 0),
('839915', 'PROPIEDADES PLANTA Y EQUIPO', 'CUENTAS DE ORDEN DEUDORAS', 0),
('839920', 'INTANGIBLES', 'CUENTAS DE ORDEN DEUDORAS', 0),
('839925', 'CARGOS DIFERIDOS', 'CUENTAS DE ORDEN DEUDORAS', 0),
('839995', 'OTROS ACTIVOS', 'CUENTAS DE ORDEN DEUDORAS', 0),
('84', 'DERECHOS CONTINGENTES POR CONTRA (CR)', 'CUENTAS DE ORDEN DEUDORAS', 0),
('85', 'DEUDORAS FISCALES POR CONTRA (CR)', 'CUENTAS DE ORDEN DEUDORAS', 0),
('86', 'DEUDORAS DE CONTROL POR CONTRA (CR)', 'CUENTAS DE ORDEN DEUDORAS', 0),
('9', 'CUENTAS DE ORDEN ACREEDORAS', 'CUENTAS DE ORDEN ACREEDORAS', 0),
('91', 'RESPONSABILIDADES CONTINGENTES', 'CUENTAS DE ORDEN ACREEDORAS', 0),
('9105', 'BIENES Y VALORES RECIBIDOS EN CUSTODIA', 'CUENTAS DE ORDEN ACREEDORAS', 0),
('910505', 'VALORES MOBILIARIOS', 'CUENTAS DE ORDEN ACREEDORAS', 0),
('910510', 'BIENES MUEBLES', 'CUENTAS DE ORDEN ACREEDORAS', 0),
('910599', 'AJUSTES POR INFLACION', 'CUENTAS DE ORDEN ACREEDORAS', 0),
('9110', 'BIENES Y VALORES RECIBIDOS EN GARANTIA', 'CUENTAS DE ORDEN ACREEDORAS', 0),
('911005', 'VALORES MOBILIARIOS', 'CUENTAS DE ORDEN ACREEDORAS', 0),
('911010', 'BIENES MUEBLES', 'CUENTAS DE ORDEN ACREEDORAS', 0),
('911015', 'BIENES INMUEBLES', 'CUENTAS DE ORDEN ACREEDORAS', 0),
('911020', 'CONTRATOS DE GANADO EN PARTICIPACION', 'CUENTAS DE ORDEN ACREEDORAS', 0),
('911099', 'AJUSTES POR INFLACION', 'CUENTAS DE ORDEN ACREEDORAS', 0),
('9115', 'BIENES Y VALORES RECIBIDOS DE TERCEROS', 'CUENTAS DE ORDEN ACREEDORAS', 0),
('911505', 'EN ARRENDAMIENTO', 'CUENTAS DE ORDEN ACREEDORAS', 0),
('911510', 'EN PRESTAMO', 'CUENTAS DE ORDEN ACREEDORAS', 0),
('911515', 'EN DEPOSITO', 'CUENTAS DE ORDEN ACREEDORAS', 0),
('911520', 'EN CONSIGNACION', 'CUENTAS DE ORDEN ACREEDORAS', 0),
('911525', 'EN COMODATO', 'CUENTAS DE ORDEN ACREEDORAS', 0),
('911599', 'AJUSTES POR INFLACION', 'CUENTAS DE ORDEN ACREEDORAS', 0),
('9120', 'LITIGIOS Y/O DEMANDAS', 'CUENTAS DE ORDEN ACREEDORAS', 0),
('912005', 'LABORALES', 'CUENTAS DE ORDEN ACREEDORAS', 0),
('912010', 'CIVILES', 'CUENTAS DE ORDEN ACREEDORAS', 0),
('912015', 'ADMINISTRATIVOS O ARBITRALES', 'CUENTAS DE ORDEN ACREEDORAS', 0),
('912020', 'TRIBUTARIOS', 'CUENTAS DE ORDEN ACREEDORAS', 0),
('9125', 'PROMESAS DE COMPRAVENTA', 'CUENTAS DE ORDEN ACREEDORAS', 0),
('9130', 'CONTRATOS DE ADMINISTRACION DELEGADA', 'CUENTAS DE ORDEN ACREEDORAS', 0),
('9135', 'CUENTAS EN PARTICIPACION', 'CUENTAS DE ORDEN ACREEDORAS', 0),
('9195', 'OTRAS RESPONSABILIDADES CONTINGENTES', 'CUENTAS DE ORDEN ACREEDORAS', 0),
('92', 'ACREEDORAS FISCALES', 'CUENTAS DE ORDEN ACREEDORAS', 0),
('93', 'ACREEDORAS DE CONTROL', 'CUENTAS DE ORDEN ACREEDORAS', 0),
('9305', 'CONTRATOS DE ARRENDAMIENTO FINANCIERO', 'CUENTAS DE ORDEN ACREEDORAS', 0),
('930505', 'BIENES MUEBLES', 'CUENTAS DE ORDEN ACREEDORAS', 0),
('930510', 'BIENES INMUEBLES', 'CUENTAS DE ORDEN ACREEDORAS', 0),
('9395', 'OTRAS CUENTAS DE ORDEN ACREEDORAS DE CONTROL', 'CUENTAS DE ORDEN ACREEDORAS', 0),
('939505', 'DOCUMENTOS POR COBRAR DESCONTADOS', 'CUENTAS DE ORDEN ACREEDORAS', 0),
('939510', 'CONVENIOS DE PAGO', 'CUENTAS DE ORDEN ACREEDORAS', 0),
('939515', 'CONTRATOS DE CONSTRUCCIONES E INSTALACIONES POR EJECUTAR', 'CUENTAS DE ORDEN ACREEDORAS', 0),
('939520', 'PEDIDOS COLOCADOS', 'CUENTAS DE ORDEN ACREEDORAS', 0),
('939525', 'ADJUDICACIONES PENDIENTES DE LEGALIZAR', 'CUENTAS DE ORDEN ACREEDORAS', 0),
('939530', 'RESERVA ARTICULO 3o. LEY 4/80', 'CUENTAS DE ORDEN ACREEDORAS', 0),
('939535', 'RESERVA COSTO REPOSICION SEMOVIENTES', 'CUENTAS DE ORDEN ACREEDORAS', 0),
('939599', 'AJUSTES POR INFLACION', 'CUENTAS DE ORDEN ACREEDORAS', 0),
('9399', 'AJUSTES POR INFLACION PATRIMONIO', 'CUENTAS DE ORDEN ACREEDORAS', 0),
('939905', 'CAPITAL SOCIAL', 'CUENTAS DE ORDEN ACREEDORAS', 0),
('939910', 'SUPERAVIT DE CAPITAL', 'CUENTAS DE ORDEN ACREEDORAS', 0),
('939915', 'RESERVAS', 'CUENTAS DE ORDEN ACREEDORAS', 0),
('939925', 'DIVIDENDOS O PARTICIPACIONES DECRETADAS EN ACCIONES, CUOTAS O PARTES DE INTERES SOCIAL', 'CUENTAS DE ORDEN ACREEDORAS', 0),
('939930', 'RESULTADOS DE EJERCICIOS ANTERIORES', 'CUENTAS DE ORDEN ACREEDORAS', 0),
('94', 'RESPONSABILIDADES CONTINGENTES POR CONTRA (DB)', 'CUENTAS DE ORDEN ACREEDORAS', 0),
('95', 'ACREEDORAS FISCALES POR CONTRA (DB)', 'CUENTAS DE ORDEN ACREEDORAS', 0),
('96', 'ACREEDORAS DE CONTROL POR CONTRA (DB)', 'CUENTAS DE ORDEN ACREEDORAS', 0);

-- --------------------------------------------------------

--
-- Estructura de tabla para la tabla `users`
--

CREATE TABLE IF NOT EXISTS `users` (
`id` int(10) unsigned NOT NULL,
  `nombre` varchar(255) COLLATE utf8_unicode_ci NOT NULL,
  `apellido` varchar(255) COLLATE utf8_unicode_ci NOT NULL,
  `telefono` varchar(255) COLLATE utf8_unicode_ci NOT NULL,
  `genero` enum('masculino','femenino') COLLATE utf8_unicode_ci NOT NULL,
  `email` varchar(255) COLLATE utf8_unicode_ci NOT NULL,
  `password` varchar(60) COLLATE utf8_unicode_ci NOT NULL,
  `tipo` enum('Administrador','Usuario') COLLATE utf8_unicode_ci NOT NULL DEFAULT 'Usuario',
  `imagen` varchar(255) COLLATE utf8_unicode_ci NOT NULL,
  `sueldo` double NOT NULL,
  `remember_token` varchar(100) COLLATE utf8_unicode_ci DEFAULT NULL,
  `created_at` timestamp NOT NULL DEFAULT '0000-00-00 00:00:00',
  `updated_at` timestamp NOT NULL DEFAULT '0000-00-00 00:00:00'
) ENGINE=InnoDB AUTO_INCREMENT=1069747754 DEFAULT CHARSET=utf8 COLLATE=utf8_unicode_ci;

--
-- Volcado de datos para la tabla `users`
--

INSERT INTO `users` (`id`, `nombre`, `apellido`, `telefono`, `genero`, `email`, `password`, `tipo`, `imagen`, `sueldo`, `remember_token`, `created_at`, `updated_at`) VALUES
(12345678, 'pedro', 'perez', '321', 'masculino', 'pedro@gmail.com', '$2y$10$oLLWKGYivWRE4MH4aboug.M2nfRVESeoEk4eOp/SrEyJGLzKroqYi', 'Administrador', 'avatar5.png', 0, 'ltsEo10VF1O1jPqNoIwRkq03rqn71mCeVh5PldNR4fAu7wku3BEbMSytL16c', '2016-09-16 03:01:09', '2017-05-06 02:41:19'),
(1069747147, 'Fredy', 'Vega', '320568', 'masculino', 'fredyvega43@hotmail.com', '$2y$10$XyR360fudql8y26SXqs6x.MwEENKq91y8khrrCVCt61fXbe2AvfTC', 'Administrador', 'avatar5.png', 1519000, 'lDEBpSxNy6d00ojNRWQaX8rCmifxBhmlBi4aJ6I9aVPIA2W8HhxKxuyNODNM', '2017-04-30 05:21:23', '2017-08-31 20:49:05'),
(1069747589, 'Carlos', 'Cardenas', '35698546', 'masculino', 'carlos@gmail.com', '$2y$10$Dz3X6u6A/nV4GrpMPUlxn.uzIxW9AwQbGVKxSPor0j/HVc1na2I9S', 'Usuario', 'avatar5.png', 0, 'GX8rl29ZQZON20I7VgOsDs8atfngcno11lZnNxRE58mZHgyhRjSQ4oXB3ni2', '2016-09-16 03:30:29', '2017-05-07 04:08:41'),
(1069747753, 'Administrador', 'Principal', '3202305689', 'masculino', 'administrador@gmail.com', '$2y$10$ppB6kRH257ifoIb42OdiNu1eIPPpO0kwg1dHxbeQDs3N/egW2lIAq', 'Administrador', 'avatar5.png', 0, 'iI6TvT7qStAs0BdScWseCoKU07mm55fwAyum1DZUy5VwQEiUBwWKNKzzmbpO', '2017-04-30 02:15:08', '2017-04-30 05:21:31');

-- --------------------------------------------------------

--
-- Estructura de tabla para la tabla `variables`
--

CREATE TABLE IF NOT EXISTS `variables` (
`idvariables` int(11) NOT NULL,
  `variable` int(11) NOT NULL,
  `nombre` varchar(45) DEFAULT NULL,
  `descripcion` varchar(45) DEFAULT NULL
) ENGINE=InnoDB AUTO_INCREMENT=26 DEFAULT CHARSET=latin1;

--
-- Volcado de datos para la tabla `variables`
--

INSERT INTO `variables` (`idvariables`, `variable`, `nombre`, `descripcion`) VALUES
(4, 0, 'Z', NULL),
(5, 1, 'Maiz amarillo americano', 'Comida'),
(6, 2, 'Soya torta americana', 'Comida'),
(7, 3, 'Arroz harina', 'Comida'),
(8, 4, 'Ponque ramo', 'Comida'),
(9, 5, 'Mogolla', 'Comida'),
(17, 6, 'Soya integral extruida', 'Comida'),
(18, 7, 'Calcio carbonato polvo', 'Comida'),
(19, 8, 'Fosfato bicalcico', 'Comida'),
(20, 9, 'Nucleo', 'Comida'),
(21, 10, 'Sal de mar', 'Comida'),
(22, 11, 'Lisina HCL', 'Comida'),
(23, 12, 'Metionina DL 99%', 'Comida'),
(24, 13, 'Treonina L', 'Comida'),
(25, 14, 'Ractopamina', 'Comida');

--
-- Índices para tablas volcadas
--

--
-- Indices de la tabla `categorias`
--
ALTER TABLE `categorias`
 ADD PRIMARY KEY (`idcategoria`);

--
-- Indices de la tabla `cuentas`
--
ALTER TABLE `cuentas`
 ADD PRIMARY KEY (`num_compro`,`num_cuenta`,`descripcion`,`fecha_operacion`);

--
-- Indices de la tabla `cuentas_nomina`
--
ALTER TABLE `cuentas_nomina`
 ADD KEY `id` (`id`);

--
-- Indices de la tabla `listarn`
--
ALTER TABLE `listarn`
 ADD KEY `nro_code` (`nro_code`);

--
-- Indices de la tabla `modelo`
--
ALTER TABLE `modelo`
 ADD PRIMARY KEY (`id_modelo`);

--
-- Indices de la tabla `modelo_resultado`
--
ALTER TABLE `modelo_resultado`
 ADD PRIMARY KEY (`id_mode_resultado`,`id_modelo`), ADD KEY `fl_modelo_resultado_idx` (`id_modelo`);

--
-- Indices de la tabla `modelo_stock`
--
ALTER TABLE `modelo_stock`
 ADD PRIMARY KEY (`id_stock_modelo`,`id_modelo`), ADD KEY `fk_stock_modelo_idx` (`id_modelo`);

--
-- Indices de la tabla `modelo_variables`
--
ALTER TABLE `modelo_variables`
 ADD PRIMARY KEY (`id_mode_resultado`,`id_modelo`), ADD KEY `fl_modelo_resultado_idx` (`id_modelo`);

--
-- Indices de la tabla `nomina`
--
ALTER TABLE `nomina`
 ADD PRIMARY KEY (`codigo`);

--
-- Indices de la tabla `nomina1`
--
ALTER TABLE `nomina1`
 ADD PRIMARY KEY (`id_nomina`,`cedula`);

--
-- Indices de la tabla `password_resets`
--
ALTER TABLE `password_resets`
 ADD KEY `password_resets_email_index` (`email`), ADD KEY `password_resets_token_index` (`token`);

--
-- Indices de la tabla `ps_product`
--
ALTER TABLE `ps_product`
 ADD PRIMARY KEY (`id_product`), ADD KEY `index2` (`idcategoria`);

--
-- Indices de la tabla `ps_product_lang`
--
ALTER TABLE `ps_product_lang`
 ADD PRIMARY KEY (`id_product`);

--
-- Indices de la tabla `ps_stock_mvt`
--
ALTER TABLE `ps_stock_mvt`
 ADD PRIMARY KEY (`id_stock_mvt`,`id_stock`), ADD KEY `id_user` (`id_user`);

--
-- Indices de la tabla `users`
--
ALTER TABLE `users`
 ADD PRIMARY KEY (`id`), ADD UNIQUE KEY `users_email_unique` (`email`);

--
-- Indices de la tabla `variables`
--
ALTER TABLE `variables`
 ADD PRIMARY KEY (`idvariables`), ADD UNIQUE KEY `variable_UNIQUE` (`variable`);

--
-- AUTO_INCREMENT de las tablas volcadas
--

--
-- AUTO_INCREMENT de la tabla `categorias`
--
ALTER TABLE `categorias`
MODIFY `idcategoria` int(11) NOT NULL AUTO_INCREMENT,AUTO_INCREMENT=6;
--
-- AUTO_INCREMENT de la tabla `cuentas`
--
ALTER TABLE `cuentas`
MODIFY `num_compro` int(50) NOT NULL AUTO_INCREMENT,AUTO_INCREMENT=3;
--
-- AUTO_INCREMENT de la tabla `modelo`
--
ALTER TABLE `modelo`
MODIFY `id_modelo` int(11) NOT NULL AUTO_INCREMENT,AUTO_INCREMENT=30;
--
-- AUTO_INCREMENT de la tabla `modelo_resultado`
--
ALTER TABLE `modelo_resultado`
MODIFY `id_mode_resultado` int(11) NOT NULL AUTO_INCREMENT,AUTO_INCREMENT=312;
--
-- AUTO_INCREMENT de la tabla `modelo_stock`
--
ALTER TABLE `modelo_stock`
MODIFY `id_stock_modelo` int(11) NOT NULL AUTO_INCREMENT,AUTO_INCREMENT=1469;
--
-- AUTO_INCREMENT de la tabla `modelo_variables`
--
ALTER TABLE `modelo_variables`
MODIFY `id_mode_resultado` int(11) NOT NULL AUTO_INCREMENT,AUTO_INCREMENT=110;
--
-- AUTO_INCREMENT de la tabla `ps_product`
--
ALTER TABLE `ps_product`
MODIFY `id_product` int(10) unsigned NOT NULL AUTO_INCREMENT,AUTO_INCREMENT=17;
--
-- AUTO_INCREMENT de la tabla `ps_product_lang`
--
ALTER TABLE `ps_product_lang`
MODIFY `id_product` int(10) unsigned NOT NULL AUTO_INCREMENT,AUTO_INCREMENT=20;
--
-- AUTO_INCREMENT de la tabla `users`
--
ALTER TABLE `users`
MODIFY `id` int(10) unsigned NOT NULL AUTO_INCREMENT,AUTO_INCREMENT=1069747754;
--
-- AUTO_INCREMENT de la tabla `variables`
--
ALTER TABLE `variables`
MODIFY `idvariables` int(11) NOT NULL AUTO_INCREMENT,AUTO_INCREMENT=26;
--
-- Restricciones para tablas volcadas
--

--
-- Filtros para la tabla `modelo_resultado`
--
ALTER TABLE `modelo_resultado`
ADD CONSTRAINT `fl_modelo_resultado` FOREIGN KEY (`id_modelo`) REFERENCES `modelo` (`id_modelo`) ON DELETE NO ACTION ON UPDATE NO ACTION;

--
-- Filtros para la tabla `modelo_stock`
--
ALTER TABLE `modelo_stock`
ADD CONSTRAINT `fk_stock_modelo` FOREIGN KEY (`id_modelo`) REFERENCES `modelo` (`id_modelo`) ON DELETE NO ACTION ON UPDATE NO ACTION;

--
-- Filtros para la tabla `ps_product`
--
ALTER TABLE `ps_product`
ADD CONSTRAINT `fk_pro_cate` FOREIGN KEY (`idcategoria`) REFERENCES `categorias` (`idcategoria`) ON DELETE NO ACTION ON UPDATE NO ACTION;

/*!40101 SET CHARACTER_SET_CLIENT=@OLD_CHARACTER_SET_CLIENT */;
/*!40101 SET CHARACTER_SET_RESULTS=@OLD_CHARACTER_SET_RESULTS */;
/*!40101 SET COLLATION_CONNECTION=@OLD_COLLATION_CONNECTION */;
